dilirank_name,smiles,is_dili,predicted_prob
Abacavir sulfate,C1CC1NC2=C3C(=NC(=N2)N)N(C=N3)C4CC(C=C4)CO.C1CC1NC2=C3C(=NC(=N2)N)N(C=N3)C4CC(C=C4)CO.OS(=O)(=O)O,0,0.3860058026084104
Abaloparatide,CCC(C)C(C(=O)NC(CCC(=O)N)C(=O)NC(CC(=O)O)C(=O)NC(CC(C)C)C(=O)NC(CCCNC(=N)N)C(=O)NC(CCCNC(=N)N)C(=O)NC(CCCNC(=N)N)C(=O)NC(CCC(=O)O)C(=O)NC(CC(C)C)C(=O)NC(CC(C)C)C(=O)NC(CCC(=O)O)C(=O)NC(CCCCN)C(=O)NC(CC(C)C)C(=O)NC(CC(C)C)C(=O)NC(C)(C)C(=O)NC(CCCCN)C(=O)NC(CC(C)C)C(=O)NC(CC1=CN=CN1)C(=O)NC(C(C)O)C(=O)NC(C)C(=O)N)NC(=O)C(CO)NC(=O)C(CCCCN)NC(=O)CNC(=O)C(CCCCN)NC(=O)C(CC(=O)O)NC(=O)C(CC2=CN=CN2)NC(=O)C(CC(C)C)NC(=O)C(CC(C)C)NC(=O)C(CCC(=O)N)NC(=O)C(CC3=CN=CN3)NC(=O)C(CCC(=O)O)NC(=O)C(CO)NC(=O)C(C(C)C)NC(=O)C(C)N,0,0.15676724647668303
Abemaciclib,CCN1CCN(CC1)CC2=CN=C(C=C2)NC3=NC=C(C(=N3)C4=CC5=C(C(=C4)F)N=C(N5C(C)C)C)F,1,0.42270091091127376
Abiraterone acetate,CC(=O)OC1CCC2(C3CCC4(C(C3CC=C2C1)CC=C4C5=CN=CC=C5)C)C,1,0.45528016966635654
Acarbose,CC1C(C(C(C(O1)OC2C(OC(C(C2O)O)OC(C(CO)O)C(C(C=O)O)O)CO)O)O)NC3C=C(C(C(C3O)O)O)CO,1,0.2637183636297896
Acebutolol hydrochloride,CCCC(=O)NC1=CC(=C(C=C1)OCC(CNC(C)C)O)C(=O)C.Cl,1,0.4766884084273557
Aceclofenac,C1=CC=C(C(=C1)CC(=O)OCC(=O)O)NC2=C(C=CC=C2Cl)Cl,1,0.6293343033551596
Acetaminophen,CC(=O)NC1=CC=C(C=C1)O,1,0.6777236049503306
Acetazolamide,CC(=O)NC1=NN=C(S1)S(=O)(=O)N,1,0.6399102359692761
Acetylcysteine,CC(=O)NC(CS)C(=O)O,0,0.3556039060439879
Acitretin,CC1=CC(=C(C(=C1C=CC(=CC=CC(=CC(=O)O)C)C)C)C)OC,1,0.7058273995634615
Acyclovir,C1=NC2=C(N1COCCO)N=C(NC2=O)N,1,0.460725991513204
Adefovir dipivoxil,CC(C)(C)C(=O)OCOP(=O)(COCCN1C=NC2=C(N=CN=C21)N)OCOC(=O)C(C)(C)C,1,0.4517099435891211
Adenosine,C1=NC(=C2C(=N1)N(C=N2)C3C(C(C(O3)CO)O)O)N,0,0.3374385304033908
Albendazole,CCCSC1=CC2=C(C=C1)N=C(N2)NC(=O)OC,1,0.5603256396500342
Albuterol,CC(C)(C)NCC(C1=CC(=C(C=C1)O)CO)O,0,0.3906691973990598
Alclofenac,C=CCOC1=C(C=C(C=C1)CC(=O)O)Cl,1,0.6468255528278868
Alendronate sodium,C(CC(O)(P(=O)(O)O)P(=O)(O)[O-])CN.O.O.O.[Na+],1,0.3324538001260229
Alfentanil hydrochloride,CCC(=O)N(C1=CC=CC=C1)C2(CCN(CC2)CCN3C(=O)N(N=N3)CC)COC.Cl,0,0.474027380208016
Alfuzosin hydrochloride,CN(CCCNC(=O)C1CCCO1)C2=NC3=CC(=C(C=C3C(=N2)N)OC)OC.Cl,1,0.56801631933922
Allopurinol,C1=NNC2=C1C(=O)NC=N2,1,0.6612180144470041
Alosetron hydrochloride,CC1=C(N=CN1)CN2CCC3=C(C2=O)C4=CC=CC=C4N3C.Cl,1,0.6734985931888902
Alpelisib,CC1=C(SC(=N1)NC(=O)N2CCCC2C(=O)N)C3=CC(=NC=C3)C(C)(C)C(F)(F)F,1,0.7210595534859476
Alprazolam,CC1=NN=C2N1C3=C(C=C(C=C3)Cl)C(=NC2)C4=CC=CC=C4,1,0.6308130595897062
Alvimopan,CC1CN(CCC1(C)C2=CC(=CC=C2)O)CC(CC3=CC=CC=C3)C(=O)NCC(=O)O,0,0.2962210318629942
Amifampridine,C1=CN=CC(=C1N)N,0,0.5718307971972217
Amifostine,C(CN)CNCCSP(=O)(O)O,0,0.512606624582536
Amikacin sulfate,C1C(C(C(C(C1NC(=O)C(CCN)O)OC2C(C(C(C(O2)CO)O)N)O)O)OC3C(C(C(C(O3)CN)O)O)O)N.OS(=O)(=O)O.OS(=O)(=O)O,0,0.2503005877892014
Amiloride hydrochloride,C1(=C(N=C(C(=N1)Cl)N)N)C(=O)N=C(N)N.O.O.Cl,1,0.5976228224607044
Amineptine,C1CC2=CC=CC=C2C(C3=CC=CC=C31)NCCCCCCC(=O)O,1,0.45060057972643625
Aminocaproic acid,C(CCC(=O)O)CCN,0,0.6490586113610481
Aminohippurate sodium,C1=CC(=CC=C1C(=O)NCC(=O)[O-])N.[Na+],0,0.44638618513893646
Aminophylline,CN1C2=C(C(=O)N(C1=O)C)NC=N2.CN1C2=C(C(=O)N(C1=O)C)NC=N2.C(CN)N,0,0.5137590209905369
Aminosalicylic acid ,C1=CC(=C(C=C1N)O)C(=O)O,0,0.7188986125580415
Amiodarone hydrochloride,CCCCC1=C(C2=CC=CC=C2O1)C(=O)C3=CC(=C(C(=C3)I)OCCN(CC)CC)I.Cl,1,0.7244659499697943
Amisulpride,CCN1CCCC1CNC(=O)C2=CC(=C(C=C2OC)N)S(=O)(=O)CC,1,0.5883241416771614
Amitriptyline hydrochloride,CN(C)CCC=C1C2=CC=CC=C2CCC3=CC=CC=C31.Cl,1,0.5316737533869511
Amoxicillin,CC1(C(N2C(S1)C(C2=O)NC(=O)C(C3=CC=C(C=C3)O)N)C(=O)O)C,1,0.6204292569725839
Amphetamine sulfate,CC(CC1=CC=CC=C1)N.CC(CC1=CC=CC=C1)N.OS(=O)(=O)O,1,0.426656836722909
Ampicillin sodium,CC1(C(N2C(S1)C(C2=O)NC(=O)C(C3=CC=CC=C3)N)C(=O)[O-])C.[Na+],1,0.5758268016919839
Anastrozole,CC(C)(C#N)C1=CC(=CC(=C1)CN2C=NC=N2)C(C)(C)C#N,1,0.4401425029045811
Angiotensin ii acetate,CCC(C)C(C(=O)NC(CC1=CN=CN1)C(=O)N2CCCC2C(=O)NC(CC3=CC=CC=C3)C(=O)O)NC(=O)C(CC4=CC=C(C=C4)O)NC(=O)C(C(C)C)NC(=O)C(CCCN=C(N)N)NC(=O)C(CC(=O)O)N.CC(=O)O,0,0.2756254243284535
Anidulafungin,CCCCCOC1=CC=C(C=C1)C2=CC=C(C=C2)C3=CC=C(C=C3)C(=O)NC4CC(C(NC(=O)C5C(C(CN5C(=O)C(NC(=O)C(NC(=O)C6CC(CN6C(=O)C(NC4=O)C(C)O)O)C(C(C7=CC=C(C=C7)O)O)O)C(C)O)C)O)O)O,1,0.2890332084568693
Apalutamide,CNC(=O)C1=C(C=C(C=C1)N2C(=S)N(C(=O)C23CCC3)C4=CC(=C(N=C4)C#N)C(F)(F)F)F,0,0.5721655111598934
Apixaban,COC1=CC=C(C=C1)N2C3=C(CCN(C3=O)C4=CC=C(C=C4)N5CCCCC5=O)C(=N2)C(=O)N,1,0.7415020351280446
Aplaviroc,CCCCN1C(=O)C(NC(=O)C12CCN(CC2)CC3=CC=C(C=C3)OC4=CC=C(C=C4)C(=O)O)C(C5CCCCC5)O,1,0.44023082859498824
Apomorphine hydrochloride,CN1CCC2=C3C1CC4=C(C3=CC=C2)C(=C(C=C4)O)O.CN1CCC2=C3C1CC4=C(C3=CC=C2)C(=C(C=C4)O)O.O.Cl.Cl,0,0.4173102509318559
Apremilast,CCOC1=C(C=CC(=C1)C(CS(=O)(=O)C)N2C(=O)C3=C(C2=O)C(=CC=C3)NC(=O)C)OC,0,0.5598010997547804
Argatroban,CC1CCN(C(C1)C(=O)O)C(=O)C(CCCN=C(N)N)NS(=O)(=O)C2=CC=CC3=C2NCC(C3)C,0,0.4736413914634813
Arginine hydrochloride,C(CC(C(=O)O)N)CN=C(N)N.Cl,0,0.4289980632540151
Aripiprazole,C1CC(=O)NC2=C1C=CC(=C2)OCCCCN3CCN(CC3)C4=C(C(=CC=C4)Cl)Cl,1,0.4756436433576718
Aripiprazole lauroxil,CCCCCCCCCCCC(=O)OCN1C(=O)CCC2=C1C=C(C=C2)OCCCCN3CCN(CC3)C4=C(C(=CC=C4)Cl)Cl,1,0.5069489961289585
Aspirin,CC(=O)OC1=CC=CC=C1C(=O)O,1,0.6525800567066518
Atazanavir sulfate,CC(C)(C)C(C(=O)NC(CC1=CC=CC=C1)C(CN(CC2=CC=C(C=C2)C3=CC=CC=N3)NC(=O)C(C(C)(C)C)NC(=O)OC)O)NC(=O)OC.OS(=O)(=O)O,1,0.4131393145898117
Atenolol,CC(C)NCC(COC1=CC=C(C=C1)CC(=O)N)O,1,0.4384332621538675
Atomoxetine hydrochloride,CC1=CC=CC=C1OC(CCNC)C2=CC=CC=C2.Cl,1,0.44894407163827843
Atropine,CN1C2CCC1CC(C2)OC(=O)C(CO)C3=CC=CC=C3,0,0.3329010707599013
Auranofin,CCP(CC)CC.CC(=O)OCC1C(C(C(C(O1)[S-])OC(=O)C)OC(=O)C)OC(=O)C.[Au+],1,0.36137166614310073
Avanafil,COC1=C(C=C(C=C1)CNC2=NC(=NC=C2C(=O)NCC3=NC=CC=N3)N4CCCC4CO)Cl,0,0.6561629362548504
Avatrombopag maleate,C1CCC(CC1)N2CCN(CC2)C3=C(N=C(S3)NC(=O)C4=CC(=C(N=C4)N5CCC(CC5)C(=O)O)Cl)C6=CC(=CS6)Cl.C(=CC(=O)O)C(=O)O,0,0.5992066844872351
Azathioprine,CN1C=NC(=C1SC2=NC=NC3=C2NC=N3)[N+](=O)[O-],1,0.6100438111167984
Azithromycin,CCC1C(C(C(N(CC(CC(C(C(C(C(C(=O)O1)C)OC2CC(C(C(O2)C)O)(C)OC)C)OC3C(C(CC(O3)C)N(C)C)O)(C)O)C)C)C)O)(C)O,1,0.5560446885149868
Bacitracin,CCC(C)C1C(=O)NC(C(=O)NC(C(=O)NC(C(=O)NC(C(=O)NCCCCC(C(=O)NC(C(=O)N1)CCCN)NC(=O)C(C(C)CC)NC(=O)C(CCC(=O)O)NC(=O)C(CC(C)C)NC(=O)C2CSC(=N2)C(C(C)CC)N)CC(=O)N)CC(=O)O)CC3=CN=CN3)CC4=CC=CC=C4,0,0.35151192623000266
Baclofen,C1=CC(=CC=C1C(CC(=O)O)CN)Cl,1,0.4632449210030704
Baloxavir marboxil,COC(=O)OCOC1=C2C(=O)N3CCOCC3N(N2C=CC1=O)C4C5=C(CSC6=CC=CC=C46)C(=C(C=C5)F)F,0,0.5745720595170273
Benazepril hydrochloride,CCOC(=O)C(CCC1=CC=CC=C1)NC2CCC3=CC=CC=C3N(C2=O)CC(=O)O.Cl,1,0.7133494515096109
Bendazac,C1=CC=C(C=C1)CN2C3=CC=CC=C3C(=N2)OCC(=O)O,1,0.6393101580089172
Bendroflumethiazide,C1=CC=C(C=C1)CC2NC3=C(C=C(C(=C3)C(F)(F)F)S(=O)(=O)N)S(=O)(=O)N2,1,0.5242797141976906
Benoxaprofen,CC(C1=CC2=C(C=C1)OC(=N2)C3=CC=C(C=C3)Cl)C(=O)O,1,0.5720616662339807
Benzbromarone,CCC1=C(C2=CC=CC=C2O1)C(=O)C3=CC(=C(C(=C3)Br)O)Br,1,0.7496397307276965
Benzonatate,CCCCNC1=CC=C(C=C1)C(=O)OCCOCCOCCOCCOCCOCCOCCOCCOCCOC,1,0.5338012479860654
Benzphetamine hydrochloride,CC(CC1=CC=CC=C1)N(C)CC2=CC=CC=C2.Cl,0,0.5077609117409408
Benztropine mesylate,CN1C2CCC1CC(C2)OC(C3=CC=CC=C3)C4=CC=CC=C4.CS(=O)(=O)O,0,0.4466352931198456
Betaine,C[N+](C)(C)CC(=O)[O-],0,0.5008987578308874
Betrixaban,CN(C)C(=N)C1=CC=C(C=C1)C(=O)NC2=C(C=C(C=C2)OC)C(=O)NC3=NC=C(C=C3)Cl,0,0.6378119363559216
Bexarotene,CC1=CC2=C(C=C1C(=C)C3=CC=C(C=C3)C(=O)O)C(CCC2(C)C)(C)C,1,0.6208387589840201
Bicalutamide,CC(CS(=O)(=O)C1=CC=C(C=C1)F)(C(=O)NC2=CC(=C(C=C2)C#N)C(F)(F)F)O,1,0.5148661473684626
Biperiden hydrochloride,C1CCN(CC1)CCC(C2CC3CC2C=C3)(C4=CC=CC=C4)O.Cl,0,0.42933903159873643
Bisacodyl,CC(=O)OC1=CC=C(C=C1)C(C2=CC=C(C=C2)OC(=O)C)C3=CC=CC=N3,0,0.4854100474126004
Bivalirudin,CCC(C)C(C(=O)N1CCCC1C(=O)NC(CCC(=O)O)C(=O)NC(CCC(=O)O)C(=O)NC(CC2=CC=C(C=C2)O)C(=O)NC(CC(C)C)C(=O)O)NC(=O)C(CCC(=O)O)NC(=O)C(CCC(=O)O)NC(=O)C(CC3=CC=CC=C3)NC(=O)C(CC(=O)O)NC(=O)CNC(=O)C(CC(=O)N)NC(=O)CNC(=O)CNC(=O)CNC(=O)CNC(=O)C4CCCN4C(=O)C(CCCNC(=N)N)NC(=O)C5CCCN5C(=O)C(CC6=CC=CC=C6)N,0,0.20668111450888363
Bortezomib,B(C(CC(C)C)NC(=O)C(CC1=CC=CC=C1)NC(=O)C2=NC=CN=C2)(O)O,1,0.34057261912550674
Bosentan,CC(C)(C)C1=CC=C(C=C1)S(=O)(=O)NC2=C(C(=NC(=N2)C3=NC=CC=N3)OCCO)OC4=CC=CC=C4OC,1,0.5182429320382449
Brexanolone,CC(=O)C1CCC2C1(CCC3C2CCC4C3(CCC(C4)O)C)C,0,0.5636308890123616
Brexpiprazole,C1CN(CCN1CCCCOC2=CC3=C(C=C2)C=CC(=O)N3)C4=C5C=CSC5=CC=C4,0,0.5724359871026742
Brivaracetam,CCCC1CC(=O)N(C1)C(CC)C(=O)N,0,0.5137277372095163
Bromfenac sodium,C1=CC(=C(C(=C1)C(=O)C2=CC=C(C=C2)Br)N)CC(=O)[O-].C1=CC(=C(C(=C1)C(=O)C2=CC=C(C=C2)Br)N)CC(=O)[O-].O.O.O.[Na+].[Na+],1,0.47907170480690886
Bromocriptine mesylate,CC(C)CC1C(=O)N2CCCC2C3(N1C(=O)C(O3)(C(C)C)NC(=O)C4CN(C5CC6=C(NC7=CC=CC(=C67)C5=C4)Br)C)O.CS(=O)(=O)O,1,0.28617172978006766
Brompheniramine maleate,CN(C)CCC(C1=CC=C(C=C1)Br)C2=CC=CC=N2.C(=CC(=O)O)C(=O)O,0,0.38697605122724643
Budesonide,CCCC1OC2CC3C4CCC5=CC(=O)C=CC5(C4C(CC3(C2(O1)C(=O)CO)C)O)C,0,0.5528284388779138
Bupropion hydrochloride,CC(C(=O)C1=CC(=CC=C1)Cl)NC(C)(C)C.Cl,1,0.506542883603443
Butorphanol tartrate,C1CCC2(C3CC4=C(C2(C1)CCN3CC5CCC5)C=C(C=C4)O)O.C(C(C(=O)O)O)(C(=O)O)O,0,0.32908565618375657
Cabergoline,CCNC(=O)N(CCCN(C)C)C(=O)C1CC2C(CC3=CNC4=CC=CC2=C34)N(C1)CC=C,0,0.5183489800906426
Caffeine citrate,CN1C=NC2=C1C(=O)N(C(=O)N2C)C.C(C(=O)O)C(CC(=O)O)(C(=O)O)O,0,0.5382704591483856
Calcitonin salmon,CC(C)CC1C(=O)NC(C(=O)NC(C(=O)NC(CSSCC(C(=O)NC(C(=O)NC(C(=O)N1)CC(=O)N)CO)N)C(=O)NC(C(C)C)C(=O)NC(CC(C)C)C(=O)NCC(=O)NC(CCCCN)C(=O)NC(CC(C)C)C(=O)NC(CO)C(=O)NC(CCC(=O)N)C(=O)NC(CCC(=O)O)C(=O)NC(CC(C)C)C(=O)NC(CC2=CN=CN2)C(=O)NC(CCCCN)C(=O)NC(CC(C)C)C(=O)NC(CCC(=O)N)C(=O)NC(C(C)O)C(=O)NC(CC3=CC=C(C=C3)O)C(=O)N4CCCC4C(=O)NC(CCCNC(=N)N)C(=O)NC(C(C)O)C(=O)NC(CC(=O)N)C(=O)NC(C(C)O)C(=O)NCC(=O)NC(CO)C(=O)NCC(=O)NC(C(C)O)C(=O)N5CCCC5C(=O)N)C(C)O)CO,0,0.1437479882167198
Calcitriol,CC(CCCC(C)(C)O)C1CCC2C1(CCCC2=CC=C3CC(CC(C3=C)O)O)C,0,0.3879947948144338
Calcium acetate,CC(=O)[O-].CC(=O)[O-].[Ca+2],0,0.5244948518473701
Canagliflozin,CC1=C(C=C(C=C1)C2C(C(C(C(O2)CO)O)O)O)CC3=CC=C(S3)C4=CC=C(C=C4)F,1,0.3933699288570396
Candesartan cilexetil,CCOC1=NC2=CC=CC(=C2N1CC3=CC=C(C=C3)C4=CC=CC=C4C5=NNN=N5)C(=O)OC(C)OC(=O)OC6CCCCC6,1,0.5792618074233563
Cangrelor,CSCCNC1=C2C(=NC(=N1)SCCC(F)(F)F)N(C=N2)C3C(C(C(O3)COP(=O)(O)OP(=O)(C(P(=O)(O)O)(Cl)Cl)O)O)O,0,0.3241416574159574
Capecitabine,CCCCCOC(=O)NC1=NC(=O)N(C=C1F)C2C(C(C(O2)C)O)O,1,0.5531534999630285
Capmatinib hydrochloride,CNC(=O)C1=C(C=C(C=C1)C2=NN3C(=CN=C3N=C2)CC4=CC5=C(C=C4)N=CC=C5)F.O.Cl.Cl,1,0.6303103753030829
Captopril,CC(CS)C(=O)N1CCCC1C(=O)O,1,0.5139617923939591
Carbamazepine,C1=CC=C2C(=C1)C=CC3=CC=CC=C3N2C(=O)N,1,0.7652804770249284
Carbinoxamine maleate,CN(C)CCOC(C1=CC=C(C=C1)Cl)C2=CC=CC=N2.C(=CC(=O)O)C(=O)O,0,0.4238438177312808
Carboprost tromethamine,CCCCCC(C)(C=CC1C(CC(C1CC=CCCCC(=O)O)O)O)O.C(C(CO)(CO)N)O,0,0.5091732599461467
Carfilzomib,CC(C)CC(C(=O)C1(CO1)C)NC(=O)C(CC2=CC=CC=C2)NC(=O)C(CC(C)C)NC(=O)C(CCC3=CC=CC=C3)NC(=O)CN4CCOCC4,1,0.34039215870587725
Carglumic acid,C(CC(=O)O)C(C(=O)O)NC(=O)N,0,0.30469141601972466
Carisoprodol,CCCC(C)(COC(=O)N)COC(=O)NC(C)C,0,0.5267462840398591
Carvedilol,COC1=CC=CC=C1OCCNCC(COC2=CC=CC3=C2C4=CC=CC=C4N3)O,1,0.4074968468034996
Cefaclor,C1C(=C(N2C(S1)C(C2=O)NC(=O)C(C3=CC=CC=C3)N)C(=O)O)Cl,1,0.6554436015797582
Cefazolin sodium,CC1=NN=C(S1)SCC2=C(N3C(C(C3=O)NC(=O)CN4C=NN=N4)SC2)C(=O)[O-].[Na+],1,0.634508118298501
Cefdinir,C=CC1=C(N2C(C(C2=O)NC(=O)C(=NO)C3=CSC(=N3)N)SC1)C(=O)O,1,0.6904527924062214
Cefepime hydrochloride,C[N+]1(CCCC1)CC2=C(N3C(C(C3=O)NC(=O)C(=NOC)C4=CSC(=N4)N)SC2)C(=O)O.O.Cl.[Cl-],1,0.6817311550196782
Cefixime,C=CC1=C(N2C(C(C2=O)NC(=O)C(=NOCC(=O)O)C3=CSC(=N3)N)SC1)C(=O)O,1,0.656609531867769
Cefoperazone sodium,CCN1CCN(C(=O)C1=O)C(=O)NC(C2=CC=C(C=C2)O)C(=O)NC3C4N(C3=O)C(=C(CS4)CSC5=NN=NN5C)C(=O)[O-].[Na+],1,0.3757738176008202
Cefotaxime sodium,CC(=O)OCC1=C(N2C(C(C2=O)NC(=O)C(=NOC)C3=CSC(=N3)N)SC1)C(=O)[O-].[Na+],1,0.7610524551530975
Cefprozil,CC=CC1=C(N2C(C(C2=O)NC(=O)C(C3=CC=C(C=C3)O)N)SC1)C(=O)O,1,0.578664071040874
Ceftaroline fosamil,CCON=C(C1=NSC(=N1)NP(=O)(O)O)C(=O)NC2C3N(C2=O)C(=C(CS3)SC4=NC(=CS4)C5=CC=[N+](C=C5)C)C(=O)[O-],1,0.7030676827076305
Ceftazidime,CC(C)(C(=O)O)ON=C(C1=CSC(=N1)N)C(=O)NC2C3N(C2=O)C(=C(CS3)C[N+]4=CC=CC=C4)C(=O)[O-],1,0.5674850009185407
Ceftriaxone sodium,CN1C(=NC(=O)C(=O)[N-]1)SCC2=C(N3C(C(C3=O)NC(=O)C(=NOC)C4=CSC(=N4)N)SC2)C(=O)[O-].[Na+].[Na+],1,0.5653169847912934
Cefuroxime sodium,CON=C(C1=CC=CO1)C(=O)NC2C3N(C2=O)C(=C(CS3)COC(=O)N)C(=O)[O-].[Na+],1,0.657419671077881
Celecoxib,CC1=CC=C(C=C1)C2=CC(=NN2C3=CC=C(C=C3)S(=O)(=O)N)C(F)(F)F,1,0.7762310783244147
Cephalexin,CC1=C(N2C(C(C2=O)NC(=O)C(C3=CC=CC=C3)N)SC1)C(=O)O,1,0.6620924034437495
Ceritinib,CC1=CC(=C(C=C1C2CCNCC2)OC(C)C)NC3=NC=C(C(=N3)NC4=CC=CC=C4S(=O)(=O)C(C)C)Cl,1,0.7224559939918185
Cetirizine hydrochloride,C1CN(CCN1CCOCC(=O)O)C(C2=CC=CC=C2)C3=CC=C(C=C3)Cl.Cl.Cl,1,0.28998919598124057
Chloramphenicol,C1=CC(=CC=C1C(C(CO)NC(=O)C(Cl)Cl)O)[N+](=O)[O-],0,0.43594117844970454
Chlorcyclizine hydrochloride,CN1CCN(CC1)C(C2=CC=CC=C2)C3=CC=C(C=C3)Cl.Cl,1,0.42658365759589223
Chlordiazepoxide hydrochloride,CN=C1CN(C(=C2C=C(C=CC2=N1)Cl)C3=CC=CC=C3)O.Cl,1,0.5967735497561181
Chlormezanone,CN1C(S(=O)(=O)CCC1=O)C2=CC=C(C=C2)Cl,1,0.6753237473440428
Chlorothiazide,C1=C2C(=CC(=C1Cl)S(=O)(=O)N)S(=O)(=O)N=CN2,1,0.6556391978491058
Chlorpheniramine maleate,CN(C)CCC(C1=CC=C(C=C1)Cl)C2=CC=CC=N2.C(=CC(=O)O)C(=O)O,0,0.3836327362494712
Chlorpromazine hydrochloride,CN(C)CCCN1C2=CC=CC=C2SC3=C1C=C(C=C3)Cl.Cl,1,0.6834651069169781
Chlorpropamide,CCCNC(=O)NS(=O)(=O)C1=CC=C(C=C1)Cl,1,0.676598224566734
Chlorzoxazone,C1=CC2=C(C=C1Cl)NC(=O)O2,1,0.7616292047341452
Cimetidine,CC1=C(N=CN1)CSCCNC(=NC)NC#N,1,0.6159245981904701
Cinacalcet hydrochloride,CC(C1=CC=CC2=CC=CC=C21)NCCCC3=CC(=CC=C3)C(F)(F)F.Cl,0,0.6325642988215731
Ciprofloxacin hydrochloride,C1CC1N2C=C(C(=O)C3=CC(=C(C=C32)N4CCNCC4)F)C(=O)O.O.Cl,1,0.6193876527074063
Cisplatin,N.N.Cl[Pt]Cl,1,0.6745897175682501
Cladribine,C1C(C(OC1N2C=NC3=C(N=C(N=C32)Cl)N)CO)O,1,0.4639368231970058
Clarithromycin,CCC1C(C(C(C(=O)C(CC(C(C(C(C(C(=O)O1)C)OC2CC(C(C(O2)C)O)(C)OC)C)OC3C(C(CC(O3)C)N(C)C)O)(C)OC)C)C)O)(C)O,1,0.49390864741564255
Clevidipine,CCCC(=O)OCOC(=O)C1=C(NC(=C(C1C2=C(C(=CC=C2)Cl)Cl)C(=O)OC)C)C,0,0.6763614265067888
Clindamycin hydrochloride,CCCC1CC(N(C1)C)C(=O)NC(C2C(C(C(C(O2)SC)O)O)O)C(C)Cl.Cl,1,0.3009263512873185
Clofibrate,CCOC(=O)C(C)(C)OC1=CC=C(C=C1)Cl,1,0.713472217366276
Clomiphene citrate,CCN(CC)CCOC1=CC=C(C=C1)C(=C(C2=CC=CC=C2)Cl)C3=CC=CC=C3.C(C(=O)O)C(CC(=O)O)(C(=O)O)O,1,0.6803302106419566
Clomipramine hydrochloride,CN(C)CCCN1C2=CC=CC=C2CCC3=C1C=C(C=C3)Cl.Cl,1,0.6700705336425596
Clonazepam,C1C(=O)NC2=C(C=C(C=C2)[N+](=O)[O-])C(=N1)C3=CC=CC=C3Cl,1,0.7142290773035309
Clotrimazole,C1=CC=C(C=C1)C(C2=CC=CC=C2)(C3=CC=CC=C3Cl)N4C=CN=C4,1,0.7206289719348254
Cloxacillin sodium,CC1=C(C(=NO1)C2=CC=CC=C2Cl)C(=O)NC3C4N(C3=O)C(C(S4)(C)C)C(=O)[O-].[Na+],1,0.6782692858014769
Clozapine,CN1CCN(CC1)C2=NC3=C(C=CC(=C3)Cl)NC4=CC=CC=C42,1,0.6994708857336844
Codeine sulfate,CN1CCC23C4C1CC5=C2C(=C(C=C5)OC)OC3C(C=C4)O.CN1CCC23C4C1CC5=C2C(=C(C=C5)OC)OC3C(C=C4)O.O.O.O.OS(=O)(=O)O,0,0.5054828818410563
Colistimethate sodium,CCC(C)CCCCC(=O)NCCC1C(=O)NC(C(=O)NC(C(=O)NC(C(=O)NC(C(=O)NC(C(=O)NC(C(=O)NC(C(=O)N1)CC(C)C)CCN)CC(C)C)CCN)CCN)CCN)C(C)O,0,0.2876458484262665
Conivaptan hydrochloride,CC1=NC2=C(N1)CCN(C3=CC=CC=C32)C(=O)C4=CC=C(C=C4)NC(=O)C5=CC=CC=C5C6=CC=CC=C6.Cl,0,0.7209822786636093
Copper cu-64 dotatate,CC(C1C(=O)NC(CSSCC(C(=O)NC(C(=O)NC(C(=O)NC(C(=O)N1)CCCCN)CC2=CNC3=CC=CC=C32)CC4=CC=C(C=C4)O)NC(=O)C(CC5=CC=CC=C5)NC(=O)CN6CCN(CCN(CCN(CC6)CC(=O)[O-])CC(=O)[O-])CC(=O)O)C(=O)NC(C(C)O)C(=O)O)O.[Cu+2],0,0.19680653447063245
Corticorelin ovine triflutate,CCC(C)C(C(=O)NC(CO)C(=O)NC(CC(C)C)C(=O)NC(CC(=O)O)C(=O)NC(CC(C)C)C(=O)NC(C(C)O)C(=O)NC(CC1=CC=CC=C1)C(=O)NC(CC2=CN=CN2)C(=O)NC(CC(C)C)C(=O)NC(CC(C)C)C(=O)NC(CCCNC(=N)N)C(=O)NC(CCC(=O)O)C(=O)NC(C(C)C)C(=O)NC(CC(C)C)C(=O)NC(CCC(=O)O)C(=O)NC(CCSC)C(=O)NC(C(C)O)C(=O)NC(CCCCN)C(=O)NC(C)C(=O)NC(CC(=O)O)C(=O)NC(CCC(=O)N)C(=O)NC(CC(C)C)C(=O)NC(C)C(=O)NC(CCC(=O)N)C(=O)NC(CCC(=O)N)C(=O)NC(C)C(=O)NC(CC3=CN=CN3)C(=O)NC(CO)C(=O)NC(CC(=O)N)C(=O)NC(CCCNC(=N)N)C(=O)NC(CCCCN)C(=O)NC(CC(C)C)C(=O)NC(CC(C)C)C(=O)NC(CC(=O)O)C(=O)NC(C(C)CC)C(=O)NC(C)C(=O)N)NC(=O)C4CCCN4C(=O)C5CCCN5C(=O)C(CCC(=O)O)NC(=O)C(CCC(=O)N)NC(=O)C(CO)N,0,0.19005788434133558
Corticotropin,CC(C)CC(C(=O)NC(CCC(=O)O)C(=O)NC(CC1=CC=CC=C1)C(=O)O)NC(=O)C2CCCN2C(=O)C(CC3=CC=CC=C3)NC(=O)C(C)NC(=O)C(CCC(=O)O)NC(=O)C(C)NC(=O)C(CO)NC(=O)C(CCC(=O)O)NC(=O)C(CC(=O)O)NC(=O)C(CCC(=O)O)NC(=O)C(C)NC(=O)CNC(=O)C(CC(=O)N)NC(=O)C4CCCN4C(=O)C(CC5=CC=C(C=C5)O)NC(=O)C(C(C)C)NC(=O)C(CCCCN)NC(=O)C(C(C)C)NC(=O)C6CCCN6C(=O)C(CCCNC(=N)N)NC(=O)C(CCCNC(=N)N)NC(=O)C(CCCCN)NC(=O)C(CCCCN)NC(=O)CNC(=O)C(C(C)C)NC(=O)C7CCCN7C(=O)C(CCCCN)NC(=O)CNC(=O)C(CC8=CNC9=CC=CC=C98)NC(=O)C(CCCNC(=N)N)NC(=O)C(CC1=CC=CC=C1)NC(=O)C(CC1=CN=CN1)NC(=O)C(CCC(=O)O)NC(=O)C(CCSC)NC(=O)C(CO)NC(=O)C(CC1=CC=C(C=C1)O)NC(=O)C(CO)N,0,0.20712206876390987
Cosyntropin,CC(C)C(C(=O)NCC(=O)NC(CCCCN)C(=O)NC(CCCCN)C(=O)NC(CCCNC(=N)N)C(=O)NC(CCCNC(=N)N)C(=O)N1CCCC1C(=O)NC(C(C)C)C(=O)NC(CCCCN)C(=O)NC(C(C)C)C(=O)NC(CC2=CC=C(C=C2)O)C(=O)N3CCCC3C(=O)O)NC(=O)C4CCCN4C(=O)C(CCCCN)NC(=O)CNC(=O)C(CC5=CNC6=CC=CC=C65)NC(=O)C(CCCNC(=N)N)NC(=O)C(CC7=CC=CC=C7)NC(=O)C(CC8=CNC=N8)NC(=O)C(CCC(=O)O)NC(=O)C(CCSC)NC(=O)C(CO)NC(=O)C(CC9=CC=C(C=C9)O)NC(=O)C(CO)N,0,0.21905109580830529
Crizotinib,CC(C1=C(C=CC(=C1Cl)F)Cl)OC2=C(N=CC(=C2)C3=CN(N=C3)C4CCNCC4)N,1,0.4644988506531019
Cromoglicate,C1=CC2=C(C(=C1)OCC(COC3=CC=CC4=C3C(=O)C=C(O4)C(=O)O)O)C(=O)C=C(O2)C(=O)O,1,0.39945332001027334
Cupric chloride,Cl[Cu]Cl,0,0.5612684451612457
Cyanocobalamin,CC1=CC2=C(C=C1C)[N+](=CN2)C3C(C(C(O3)CO)OP(=O)(O)OC(C)CNC(=O)CCC4(C(C5C6(C(C(C(=N6)C(=C7C(C(C(=CC8=NC(=C(C4=N5)C)C(C8(C)C)CCC(=N)[O-])N7)CCC(=N)[O-])(C)CC(=O)N)C)CCC(=N)[O-])(C)CC(=O)N)C)CC(=O)N)C)O.[C]#N.[Co+2],0,0.4929717261338114
Cyclobenzaprine hydrochloride,CN(C)CCC=C1C2=CC=CC=C2C=CC3=CC=CC=C31.Cl,1,0.6262100079596602
Cyclofenil,CC(=O)OC1=CC=C(C=C1)C(=C2CCCCC2)C3=CC=C(C=C3)OC(=O)C,1,0.6446290898670785
Cyclophosphamide,C1CNP(=O)(OC1)N(CCCl)CCCl,1,0.6041296676466358
Cyclosporine,CCC1C(=O)N(CC(=O)N(C(C(=O)NC(C(=O)N(C(C(=O)NC(C(=O)NC(C(=O)N(C(C(=O)N(C(C(=O)N(C(C(=O)N(C(C(=O)N1)C(C(C)CC=CC)O)C)C(C)C)C)CC(C)C)C)CC(C)C)C)C)C)CC(C)C)C)C(C)C)CC(C)C)C)C,1,0.5480065158071795
Cyproheptadine hydrochloride,CN1CCC(=C2C3=CC=CC=C3C=CC4=CC=CC=C42)CC1.Cl,1,0.5399442334997502
Cytarabine,C1=CN(C(=O)N=C1N)C2C(C(C(O2)CO)O)O,1,0.4401450548915356
Dabigatran etexilate mesylate,CCCCCCOC(=O)NC(=N)C1=CC=C(C=C1)NCC2=NC3=C(N2C)C=CC(=C3)C(=O)N(CCC(=O)OCC)C4=CC=CC=N4.CS(=O)(=O)O,1,0.5706206932427379
Dacarbazine,CN(C)N=NC1=C(NC=N1)C(=O)N,1,0.5514447117380097
Dacomitinib,COC1=C(C=C2C(=C1)N=CN=C2NC3=CC(=C(C=C3)F)Cl)NC(=O)C=CCN4CCCCC4,1,0.5104493619233621
Dactinomycin,CC1C(C(=O)NC(C(=O)N2CCCC2C(=O)N(CC(=O)N(C(C(=O)O1)C(C)C)C)C)C(C)C)NC(=O)C3=C4C(=C(C=C3)C)OC5=C(C(=O)C(=C(C5=N4)C(=O)NC6C(OC(=O)C(N(C(=O)CN(C(=O)C7CCCN7C(=O)C(NC6=O)C(C)C)C)C)C(C)C)C)N)C,1,0.6275500268436919
Dalfampridine,C1=CN=CC=C1N,0,0.6248061800466558
Dalteparin sodium,C1N(CN(CN1CCO)CC[O-])CCO.[Na+],1,0.3784873119820121
Danazol,CC12CCC3C(C1CCC2(C#C)O)CCC4=CC5=C(CC34C)C=NO5,1,0.5008580465283585
Dantrolene sodium,C1C(=NC(=O)N1N=CC2=CC=C(O2)C3=CC=C(C=C3)[N+](=O)[O-])[O-].[Na+],1,0.6771191493127756
Dapagliflozin,CCOC1=CC=C(C=C1)CC2=C(C=CC(=C2)C3C(C(C(C(O3)CO)O)O)O)Cl,0,0.41417566722182364
Dapsone,C1=CC(=CC=C1N)S(=O)(=O)C2=CC=C(C=C2)N,1,0.6376186473158595
Daptomycin,CCCCCCCCCC(=O)NC(CC1=CNC2=CC=CC=C21)C(=O)NC(CC(=O)N)C(=O)NC(CC(=O)O)C(=O)NC3C(OC(=O)C(NC(=O)C(NC(=O)C(NC(=O)CNC(=O)C(NC(=O)C(NC(=O)C(NC(=O)C(NC(=O)CNC3=O)CCCN)CC(=O)O)C)CC(=O)O)CO)C(C)CC(=O)O)CC(=O)C4=CC=CC=C4N)C,1,0.24526067566986923
Darunavir,CC(C)CN(CC(C(CC1=CC=CC=C1)NC(=O)OC2COC3C2CCO3)O)S(=O)(=O)C4=CC=C(C=C4)N,1,0.5378981947102012
Dasatinib,CC1=C(C(=CC=C1)Cl)NC(=O)C2=CN=C(S2)NC3=CC(=NC(=N3)C)N4CCN(CC4)CCO,1,0.4575349374840734
Daunorubicin hydrochloride,CC1C(C(CC(O1)OC2CC(CC3=C2C(=C4C(=C3O)C(=O)C5=C(C4=O)C(=CC=C5)OC)O)(C(=O)C)O)N)O.Cl,0,0.5193926378786101
Deferoxamine mesylate,CC(=O)N(CCCCCNC(=O)CCC(=O)N(CCCCCNC(=O)CCC(=O)N(CCCCCN)O)O)O.CS(=O)(=O)O,1,0.3743543663040616
Defibrotide sodium,CC(C)C1=C(C=C(C(=C1)C2=NNC(=O)N2C3=CC4=C(C=C3)N(C=C4)C)O)OP(=O)(O)O,0,0.612246277002464
Deflazacort,CC1=NC2(C(O1)CC3C2(CC(C4C3CCC5=CC(=O)C=CC45C)O)C)C(=O)COC(=O)C,0,0.5617452476447516
Deoxycholic acid,CC(CCC(=O)O)C1CCC2C1(C(CC3C2CCC4C3(CCC(C4)O)C)O)C,0,0.5914827608912924
Desloratadine,C1CC2=C(C=CC(=C2)Cl)C(=C3CCNCC3)C4=C1C=CC=N4,1,0.6261307070828797
Deutetrabenazine,CC(C)CC1CN2CCC3=CC(=C(C=C3C2CC1=O)OC)OC,0,0.4789212580407867
Dexbrompheniramine maleate,CN(C)CCC(C1=CC=C(C=C1)Br)C2=CC=CC=N2.C(=CC(=O)O)C(=O)O,0,0.4062379476950467
Dexlansoprazole,CC1=C(C=CN=C1CS(=O)C2=NC3=CC=CC=C3N2)OCC(F)(F)F,1,0.6418332523442704
Dexmethylphenidate hydrochloride,COC(=O)C(C1CCCCN1)C2=CC=CC=C2.Cl,1,0.5983643149993971
Dextroamphetamine sulfate,CC(CC1=CC=CC=C1)N.CC(CC1=CC=CC=C1)N.OS(=O)(=O)O,0,0.4709689716753976
Diazepam,CN1C(=O)CN=C(C2=C1C=CC(=C2)Cl)C3=CC=CC=C3,1,0.6225341530262556
Dichlorphenamide,C1=C(C=C(C(=C1S(=O)(=O)N)Cl)Cl)S(=O)(=O)N,0,0.6428032789373807
Diclofenac sodium,C1=CC=C(C(=C1)CC(=O)[O-])NC2=C(C=CC=C2Cl)Cl.[Na+],1,0.5750043662816554
Dicloxacillin sodium,CC1=C(C(=NO1)C2=C(C=CC=C2Cl)Cl)C(=O)NC3C4N(C3=O)C(C(S4)(C)C)C(=O)[O-].[Na+],1,0.634006689003807
Dicyclomine hydrochloride,CCN(CC)CCOC(=O)C1(CCCCC1)C2CCCCC2.Cl,0,0.5869916818103519
Didanosine,C1CC(OC1CO)N2C=NC3=C2N=CNC3=O,1,0.587994817186774
Diethylpropion hydrochloride,CCN(CC)C(C)C(=O)C1=CC=CC=C1.Cl,0,0.48123890639788175
Difelikefalin acetate,CC(C)CC(C(=O)NC(CCCCN)C(=O)N1CCC(CC1)(C(=O)O)N)NC(=O)C(CC2=CC=CC=C2)NC(=O)C(CC3=CC=CC=C3)N.CC(=O)O,0,0.3371065095414868
Diflunisal,C1=CC(=C(C=C1C2=C(C=C(C=C2)F)F)C(=O)O)O,1,0.6517274032447246
Digoxin,CC1C(C(CC(O1)OC2C(OC(CC2O)OC3C(OC(CC3O)OC4CCC5(C(C4)CCC6C5CC(C7(C6(CCC7C8=CC(=O)OC8)O)C)O)C)C)C)O)O,0,0.4338076025650477
Dihydroergotamine mesylate,CC1(C(=O)N2C(C(=O)N3CCCC3C2(O1)O)CC4=CC=CC=C4)NC(=O)C5CC6C(CC7=CNC8=CC=CC6=C78)N(C5)C.CS(=O)(=O)O,0,0.31024754921708847
Diltiazem hydrochloride,CC(=O)OC1C(SC2=CC=CC=C2N(C1=O)CCN(C)C)C3=CC=C(C=C3)OC.Cl,1,0.6587983304205728
Dimenhydrinate,CN1C2=C(C(=O)N(C1=O)C)NC(=N2)Cl.CN(C)CCOC(C1=CC=CC=C1)C2=CC=CC=C2,0,0.5607127769241657
Dimercaprol,C(C(CS)S)O,0,0.4041399245584462
Dimethyl fumarate,COC(=O)C=CC(=O)OC,1,0.5197461956332508
Diphenhydramine hydrochloride,CN(C)CCOC(C1=CC=CC=C1)C2=CC=CC=C2.Cl,0,0.4613444308796836
Diphenoxylate,CCOC(=O)C1(CCN(CC1)CCC(C#N)(C2=CC=CC=C2)C3=CC=CC=C3)C4=CC=CC=C4,0,0.5877509074191375
Disulfiram,CCN(CC)C(=S)SSC(=S)N(CC)CC,1,0.5142402795113106
Dobutamine hydrochloride,CC(CCC1=CC=C(C=C1)O)NCCC2=CC(=C(C=C2)O)O.Cl,0,0.5440473559867336
Docetaxel,CC1=C2C(C(=O)C3(C(CC4C(C3C(C(C2(C)C)(CC1OC(=O)C(C(C5=CC=CC=C5)NC(=O)OC(C)(C)C)O)O)OC(=O)C6=CC=CC=C6)(CO4)OC(=O)C)O)C)O,1,0.5598382633215324
Dofetilide,CN(CCC1=CC=C(C=C1)NS(=O)(=O)C)CCOC2=CC=C(C=C2)NS(=O)(=O)C,1,0.6041831929276373
Dolutegravir sodium,CC1CCOC2N1C(=O)C3=C(C(=O)C(=CN3C2)C(=O)NCC4=C(C=C(C=C4)F)F)[O-].[Na+],1,0.6129275957313451
Donepezil hydrochloride,COC1=C(C=C2C(=C1)CC(C2=O)CC3CCN(CC3)CC4=CC=CC=C4)OC.Cl,1,0.5796165996204361
Dopamine hydrochloride,C1=CC(=C(C=C1CCN)O)O.Cl,0,0.6624498089497444
Doxapram hydrochloride,CCN1CC(C(C1=O)(C2=CC=CC=C2)C3=CC=CC=C3)CCN4CCOCC4.O.Cl,0,0.4318139032032558
Doxazosin mesylate,COC1=C(C=C2C(=C1)C(=NC(=N2)N3CCN(CC3)C(=O)C4COC5=CC=CC=C5O4)N)OC.CS(=O)(=O)O,1,0.6206389310229777
Doxepin hydrochloride,CN(C)CCC=C1C2=CC=CC=C2COC3=CC=CC=C31.Cl,1,0.5287472461821364
Doxorubicin hydrochloride,CC1C(C(CC(O1)OC2CC(CC3=C2C(=C4C(=C3O)C(=O)C5=C(C4=O)C(=CC=C5)OC)O)(C(=O)CO)O)N)O.Cl,1,0.3861860682175989
Dronedarone hydrochloride,CCCCC1=C(C2=C(O1)C=CC(=C2)NS(=O)(=O)C)C(=O)C3=CC=C(C=C3)OCCCN(CCCC)CCCC.Cl,1,0.6256139207513811
Droperidol,C1CN(CC=C1N2C3=CC=CC=C3NC2=O)CCCC(=O)C4=CC=C(C=C4)F,0,0.4037174858384613
Droxicam,CN1C2=C(C3=CC=CC=C3S1(=O)=O)OC(=O)N(C2=O)C4=CC=CC=N4,1,0.6844843722595669
Droxidopa,C1=CC(=C(C=C1C(C(C(=O)O)N)O)O)O,0,0.4052552644086683
Duloxetine hydrochloride,CNCCC(C1=CC=CS1)OC2=CC=CC3=CC=CC=C32.Cl,1,0.5056573180813506
Dutasteride,CC12CCC3C(C1CCC2C(=O)NC4=C(C=CC(=C4)C(F)(F)F)C(F)(F)F)CCC5C3(C=CC(=O)N5)C,0,0.6367746745884362
Dyphylline,CN1C2=C(C(=O)N(C1=O)C)N(C=N2)CC(CO)O,0,0.41314368766471093
Ecallantide,CCC(C)C1C(=O)NC(C(=O)NCC(=O)NCC(=O)NC2CSSCC3C(=O)NC(C(=O)NC(C(=O)NC(C(=O)NC(C(=O)N4CCCC4C(=O)NC(C(=O)NC(C(=O)NC(C(=O)NC(C(=O)NC(C(=O)NC(C(=O)NC(C(=O)NC(C(=O)NC(C(=O)NC(C(=O)NC(CSSCC(C(=O)NC(C(=O)NC(C(=O)NC(C(=O)NC(CSSCC(C(=O)NC(C(=O)NC(C(=O)NC(C(=O)NC(C(=O)NC(C(=O)NC(C(=O)NCC(=O)N5CCCC5C(=O)N3)CC(=O)O)CC(=O)O)C)CCCCN)CC6=CC=CC=C6)C)NC(=O)C(CC7=CC=CC=C7)NC(=O)C(CO)NC(=O)C(CC8=CN=CN8)NC(=O)C(CCSC)NC(=O)C(C)NC(=O)C(CCC(=O)O)N)C(=O)NC(C(C)O)C(=O)NC(CCCNC(=N)N)C(=O)NC(CC(=O)O)C(=O)O)CCSC)CCCCN)CCCCN)NC(=O)C(NC(=O)C(NC(=O)C(NC(=O)C(NC(=O)C(NC(=O)C(NC(=O)C(NC(=O)C(NC(=O)C(NC(=O)C(NC(=O)CNC(=O)C(NC2=O)CCC(=O)O)CC(=O)N)CCC(=O)N)CC(=O)N)CCCNC(=N)N)CC9=CC=CC=C9)CCC(=O)O)CO)CC(C)C)CCC(=O)O)CCC(=O)O)C(=O)NC(C(=O)NC(C(=O)NC(C(=O)N1)CC1=CC=CC=C1)CCC(=O)O)CCC(=O)O)CCC(=O)N)CCCNC(=N)N)C(C)O)CC1=CC=CC=C1)C(C)CC)CC(=O)N)CC1=CC=CC=C1)CC1=CC=CC=C1)CC1=CNC2=CC=CC=C21)CCCNC(=N)N)CC1=CN=CN1)C)C)CCCNC(=N)N)CC1=CC=C(C=C1)O,0,0.07925514388909066
Edaravone,CC1=NN(C(=O)C1)C2=CC=CC=C2,0,0.7428568687663518
Efavirenz,C1CC1C#CC2(C3=C(C=CC(=C3)Cl)NC(=O)O2)C(F)(F)F,1,0.6586885403535783
Eliglustat tartrate,CCCCCCCC(=O)NC(CN1CCCC1)C(C2=CC3=C(C=C2)OCCO3)O.CCCCCCCC(=O)NC(CN1CCCC1)C(C2=CC3=C(C=C2)OCCO3)O.C(C(C(=O)O)O)(C(=O)O)O,0,0.24184271502395574
Empagliflozin,C1COCC1OC2=CC=C(C=C2)CC3=C(C=CC(=C3)C4C(C(C(C(O4)CO)O)O)O)Cl,0,0.3702340031442001
Enalapril maleate,CCOC(=O)C(CCC1=CC=CC=C1)NC(C)C(=O)N2CCCC2C(=O)O.C(=CC(=O)O)C(=O)O,1,0.5948458203619419
Enoxaparin sodium,CC1C(C(OC(C1OC2CC(C(C(C2O)O)OC3C(C(C(C(O3)COS(=O)(=O)O)OC4C(C(C=C(O4)C(=O)[O-])O)O)O)NC(=O)C)C(=O)[O-])CO)OC5C(C(C(OC5C(=O)[O-])OC6C7COC(O7)C(C6O)NS(=O)(=O)[O-])O)O)NC(=O)C.[Na+].[Na+].[Na+].[Na+],1,0.4104411336797243
Entacapone,CCN(CC)C(=O)C(=CC1=CC(=C(C(=C1)O)O)[N+](=O)[O-])C#N,1,0.5674222012397773
Enzalutamide,CC1(C(=O)N(C(=S)N1C2=CC(=C(C=C2)C(=O)NC)F)C3=CC(=C(C=C3)C#N)C(F)(F)F)C,0,0.5672145424770776
Ephedrine sulfate,CC(C(C1=CC=CC=C1)O)NC.CC(C(C1=CC=CC=C1)O)NC.OS(=O)(=O)O,0,0.4703661218008014
Epinephrine,CNCC(C1=CC(=C(C=C1)O)O)O,0,0.42265644981667244
Eplerenone,CC12CCC(=O)C=C1CC(C3C24C(O4)CC5(C3CCC56CCC(=O)O6)C)C(=O)OC,1,0.6579864069368849
Epoetin alfa,CC1CC=CC=CC(C(CC(C(C(C(CC(=O)O1)O)OC)OC2C(C(C(C(O2)C)OC3CC(C(C(O3)C)O)(C)O)N(C)C)O)CCO)C)OC4CC(C(C(O4)C)O)(C)O,0,0.6006134520447203
Eptifibatide,C1CC2C(=O)NC(CSSCCC(=O)NC(C(=O)NCC(=O)NC(C(=O)NC(C(=O)N2C1)CC3=CNC4=CC=CC=C43)CC(=O)O)CCCCN=C(N)N)C(=O)N,0,0.515165690447155
Ergocalciferol,CC(C)C(C)C=CC(C)C1CCC2C1(CCCC2=CC=C3CC(CCC3=C)O)C,0,0.47249142157881324
Erlotinib hydrochloride,COCCOC1=C(C=C2C(=C1)C(=NC=N2)NC3=CC=CC(=C3)C#C)OCCOC.Cl,1,0.6448028842658663
Ertugliflozin,CCOC1=CC=C(C=C1)CC2=C(C=CC(=C2)C34C(C(C(C(O3)(CO4)CO)O)O)O)Cl,0,0.51376757322064
Erythropoietin,CC1CC=CC=CC(C(CC(C(C(C(CC(=O)O1)O)OC)OC2C(C(C(C(O2)C)OC3CC(C(C(O3)C)O)(C)O)N(C)C)O)CCO)C)OC4CC(C(C(O4)C)O)(C)O,0,0.5444069305995839
Esmolol hydrochloride,CC(C)NCC(COC1=CC=C(C=C1)CCC(=O)OC)O.Cl,0,0.6828718182530964
Esomeprazole sodium,CC1=CN=C(C(=C1OC)C)CS(=O)C2=NC3=C([N-]2)C=CC(=C3)OC.[Na+],1,0.6284568245039502
Estazolam,C1C2=NN=CN2C3=C(C=C(C=C3)Cl)C(=N1)C4=CC=CC=C4,0,0.6298994903648619
Estradiol valerate,CCCCC(=O)OC1CCC2C1(CCC3C2CCC4=C3C=CC(=C4)O)C,1,0.4551225768117331
Eszopiclone,CN1CCN(CC1)C(=O)OC2C3=NC=CN=C3C(=O)N2C4=NC=C(C=C4)Cl,1,0.5469101565801106
Etelcalcetide,CC(C(=O)NC(CCCN=C(N)N)C(=O)N)NC(=O)C(CCCN=C(N)N)NC(=O)C(CCCN=C(N)N)NC(=O)C(CCCN=C(N)N)NC(=O)C(C)NC(=O)C(CSSCC(C(=O)O)N)NC(=O)C,0,0.22144605786681124
Ethambutol hydrochloride,CCC(CO)NCCNC(CC)CO.Cl.Cl,1,0.3774775937508557
Ethanolamine oleate,CCCCCCCCC=CCCCCCCCC(=O)O.C(CO)N,0,0.45562327589104357
Ethionamide,CCC1=NC=CC(=C1)C(=S)N,1,0.6494439617301965
Etodolac,CCC1=C2C(=CC=C1)C3=C(N2)C(OCC3)(CC)CC(=O)O,1,0.567977832533744
Etomidate,CCOC(=O)C1=CN=CN1C(C)C2=CC=CC=C2,0,0.5575921929279857
Etoposide,CC1OCC2C(O1)C(C(C(O2)OC3C4COC(=O)C4C(C5=CC6=C(C=C35)OCO6)C7=CC(=C(C(=C7)OC)O)OC)O)O,1,0.46349329169914133
Etravirine,CC1=CC(=CC(=C1OC2=NC(=NC(=C2Br)N)NC3=CC=C(C=C3)C#N)C)C#N,1,0.6605050896352245
Everolimus,CC1CCC2CC(C(=CC=CC=CC(CC(C(=O)C(C(C(=CC(C(=O)CC(OC(=O)C3CCCCN3C(=O)C(=O)C1(O2)O)C(C)CC4CCC(C(C4)OC)OCCO)C)C)O)OC)C)C)C)OC,1,0.39438138492054675
Exemestane,CC12CCC3C(C1CCC2=O)CC(=C)C4=CC(=O)C=CC34C,1,0.49791877601039647
Exenatide synthetic,CCC(C)C(C(=O)NC(CCC(=O)O)C(=O)NC(CC1=CNC2=CC=CC=C21)C(=O)NC(CC(C)C)C(=O)NC(CCCCN)C(=O)NC(CC(=O)N)C(=O)NCC(=O)NCC(=O)N3CCCC3C(=O)NC(CO)C(=O)NC(CO)C(=O)NCC(=O)NC(C)C(=O)N4CCCC4C(=O)N5CCCC5C(=O)N6CCCC6C(=O)NC(CO)C(=O)N)NC(=O)C(CC7=CC=CC=C7)NC(=O)C(CC(C)C)NC(=O)C(CCCNC(=N)N)NC(=O)C(C(C)C)NC(=O)C(C)NC(=O)C(CCC(=O)O)NC(=O)C(CCC(=O)O)NC(=O)C(CCC(=O)O)NC(=O)C(CCSC)NC(=O)C(CCC(=O)N)NC(=O)C(CCCCN)NC(=O)C(CO)NC(=O)C(CC(C)C)NC(=O)C(CC(=O)O)NC(=O)C(CO)NC(=O)C(C(C)O)NC(=O)C(CC8=CC=CC=C8)NC(=O)C(C(C)O)NC(=O)CNC(=O)C(CCC(=O)O)NC(=O)CNC(=O)C(CC9=CNC=N9)N,0,0.182675293624782
Ezetimibe,C1=CC(=CC=C1C2C(C(=O)N2C3=CC=C(C=C3)F)CCC(C4=CC=C(C=C4)F)O)O,1,0.2998584178748123
Falnidamol,CN1CCC(CC1)NC2=NC=C3C(=N2)C(=NC=N3)NC4=CC(=C(C=C4)F)Cl,1,0.6500828579900342
Famotidine,C1=C(N=C(S1)N=C(N)N)CSCCC(=NS(=O)(=O)N)N,1,0.6524627830577676
Febuxostat,CC1=C(SC(=N1)C2=CC(=C(C=C2)OCC(C)C)C#N)C(=O)O,1,0.5179961339184779
Felbamate,C1=CC=C(C=C1)C(COC(=O)N)COC(=O)N,1,0.4187793283666711
Felodipine,CCOC(=O)C1=C(NC(=C(C1C2=C(C(=CC=C2)Cl)Cl)C(=O)OC)C)C,1,0.5892274317378291
Fenofibrate,CC(C)OC(=O)C(C)(C)OC1=CC=C(C=C1)C(=O)C2=CC=C(C=C2)Cl,1,0.721101083719436
Fenofibric acid,CC(C)(C(=O)O)OC1=CC=C(C=C1)C(=O)C2=CC=C(C=C2)Cl,1,0.6600606820481497
Fenoldopam mesylate,CS(=O)(=O)O.C1CNCC(C2=CC(=C(C(=C21)Cl)O)O)C3=CC=C(C=C3)O,0,0.5303282951520868
Ferric maltol,CC1=C(C(=O)C=CO1)[O-].CC1=C(C(=O)C=CO1)[O-].CC1=C(C(=O)C=CO1)[O-].[Fe+3],0,0.6163874032427519
Fexofenadine hydrochloride,CC(C)(C1=CC=C(C=C1)C(CCCN2CCC(CC2)C(C3=CC=CC=C3)(C4=CC=CC=C4)O)O)C(=O)O.Cl,0,0.3063418669407297
Fialuridine,C1=C(C(=O)NC(=O)N1C2C(C(C(O2)CO)O)F)I,1,0.46174797170232346
Finasteride,CC12CCC3C(C1CCC2C(=O)NC(C)(C)C)CCC4C3(C=CC(=O)N4)C,1,0.5630310273119012
Finerenone,CCOC1=NC=C(C2=C1C(C(=C(N2)C)C(=O)N)C3=C(C=C(C=C3)C#N)OC)C,0,0.6789562751643429
Fingolimod hydrochloride,CCCCCCCCC1=CC=C(C=C1)CCC(CO)(CO)N.Cl,1,0.526198468295117
Flavoxate hydrochloride,CC1=C(OC2=C(C1=O)C=CC=C2C(=O)OCCN3CCCCC3)C4=CC=CC=C4.Cl,1,0.5966257802600385
Flecainide acetate,CC(=O)O.C1CCNC(C1)CNC(=O)C2=C(C=CC(=C2)OCC(F)(F)F)OCC(F)(F)F,1,0.5079421010345075
Flibanserin,C1CN(CCN1CCN2C3=CC=CC=C3NC2=O)C4=CC=CC(=C4)C(F)(F)F,0,0.5635478557433499
Florbetaben f-18,CNC1=CC=C(C=C1)C=CC2=CC=C(C=C2)OCCOCCOCCF,0,0.5686144065763081
Florbetapir f-18,CNC1=CC=C(C=C1)C=CC2=CN=C(C=C2)OCCOCCOCCF,0,0.4887377035768989
Flortaucipir f-18,C1=CC2=C(C=C1C3=CN=C(C=C3)F)NC4=C2C=NC=C4,0,0.5787618640337556
Fluciclovine f-18,C1C(CC1(C(=O)O)N)F,0,0.4272513387560068
Fluconazole,C1=CC(=C(C=C1F)F)C(CN2C=NC=N2)(CN3C=NC=N3)O,1,0.5165141374984942
Fludrocortisone acetate,CC(=O)OCC(=O)C1(CCC2C1(CC(C3(C2CCC4=CC(=O)CCC43C)F)O)C)O,0,0.5317383319719472
Flumazenil,CCOC(=O)C1=C2CN(C(=O)C3=C(N2C=N1)C=CC(=C3)F)C,0,0.6077761062123326
Fluorescein sodium,C1=CC=C(C(=C1)C2=C3C=CC(=O)C=C3OC4=C2C=CC(=C4)[O-])C(=O)[O-].[Na+].[Na+],0,0.6600991643474203
Fluoroestradiol f-18,CC12CCC3C(C1CC(C2O)F)CCC4=C3C=CC(=C4)O,0,0.49368945554037613
Fluorouracil,C1=C(C(=O)NC(=O)N1)F,1,0.5955059060676873
Fluoxetine hydrochloride,CNCCC(C1=CC=CC=C1)OC2=CC=C(C=C2)C(F)(F)F.Cl,1,0.38940176389055586
Flurazepam hydrochloride,CCN(CC)CCN1C(=O)CN=C(C2=C1C=CC(=C2)Cl)C3=CC=CC=C3F.Cl.Cl,1,0.6819073188209144
Flurbiprofen sodium,CC(C1=CC(=C(C=C1)C2=CC=CC=C2)F)C(=O)[O-].[Na+],1,0.5771026780641383
Flutamide,CC(C)C(=O)NC1=CC(=C(C=C1)[N+](=O)[O-])C(F)(F)F,1,0.7367166975133803
Flutemetamol f-18,CNC1=C(C=C(C=C1)C2=NC3=C(S2)C=C(C=C3)O)F,0,0.650249113768949
Fluvastatin sodium,CC(C)N1C2=CC=CC=C2C(=C1C=CC(CC(CC(=O)[O-])O)O)C3=CC=C(C=C3)F.[Na+],1,0.38084815326789495
Folic acid,C1=CC(=CC=C1C(=O)NC(CCC(=O)O)C(=O)O)NCC2=CN=C3C(=N2)C(=O)NC(=N3)N,0,0.25268811508615807
Fondaparinux sodium,COC1C(C(C(C(O1)COS(=O)(=O)[O-])OC2C(C(C(C(O2)C(=O)[O-])OC3C(C(C(C(O3)COS(=O)(=O)[O-])OC4C(C(C(C(O4)C(=O)[O-])OC5C(C(C(C(O5)COS(=O)(=O)[O-])O)O)NS(=O)(=O)[O-])O)O)OS(=O)(=O)[O-])NS(=O)(=O)[O-])O)OS(=O)(=O)[O-])O)NS(=O)(=O)[O-].[Na+].[Na+].[Na+].[Na+].[Na+].[Na+].[Na+].[Na+].[Na+].[Na+],1,0.31549010961313395
Fosinopril sodium,CCC(=O)OC(C(C)C)OP(=O)(CCCCC1=CC=CC=C1)CC(=O)N2CC(CC2C(=O)[O-])C3CCCCC3.[Na+],1,0.4177672467790409
Fosphenytoin sodium,C1=CC=C(C=C1)C2(C(=O)N(C(=O)N2)COP(=O)([O-])[O-])C3=CC=CC=C3.[Na+].[Na+],1,0.4926891299513817
Gabapentin,C1CCC(CC1)(CC(=O)O)CN,1,0.3786186527962658
Gabapentin enacarbil,CC(C)C(=O)OC(C)OC(=O)NCC1(CCCCC1)CC(=O)O,0,0.41798672599561615
Gadofosveset trisodium,C1CC(CCC1OP(=O)([O-])OCC(CN(CCN(CC(=O)[O-])CC(=O)[O-])CC(=O)[O-])N(CC(=O)[O-])CC(=O)[O-])(C2=CC=CC=C2)C3=CC=CC=C3.[Na+].[Na+].[Na+].[Gd+3],0,0.2751305488738268
Gallium ga-68 edotreotide,CC(C1C(=O)NC(CSSCC(C(=O)NC(C(=O)NC(C(=O)NC(C(=O)N1)CCCCN)CC2=CNC3=CC=CC=C32)CC4=CC=C(C=C4)O)NC(=O)C(CC5=CC=CC=C5)NC(=O)CN6CCN(CCN(CCN(CC6)CC(=O)[O-])CC(=O)[O-])CC(=O)[O-])C(=O)NC(CO)C(C)O)O.[Ga+3],0,0.19254098097986144
Gallium ga-68 gozetotide,[H+].C1=CC(=C(C=C1CCC(=O)NCCCCCC(=O)NCCCCC(C(=O)O)NC(=O)NC(CCC(=O)O)C(=O)O)CN(CCN(CC2=C(C=CC(=C2)CCC(=O)O)[O-])CC(=O)[O-])CC(=O)[O-])[O-].[Ga+3],0,0.3411715097634203
Ganirelix acetate,CCNC(=NCCCCC(C(=O)NC(CC(C)C)C(=O)NC(CCCCN=C(NCC)NCC)C(=O)N1CCCC1C(=O)NC(C)C(=O)N)NC(=O)C(CC2=CC=C(C=C2)O)NC(=O)C(CO)NC(=O)C(CC3=CN=CC=C3)NC(=O)C(CC4=CC=C(C=C4)Cl)NC(=O)C(CC5=CC6=CC=CC=C6C=C5)NC(=O)C)NCC.CC(=O)O.CC(=O)O,0,0.39397465667686793
Gefitinib,COC1=C(C=C2C(=C1)N=CN=C2NC3=CC(=C(C=C3)F)Cl)OCCCN4CCOCC4,1,0.6105744624961699
Gemcitabine hydrochloride,C1=CN(C(=O)N=C1N)C2C(C(C(O2)CO)O)(F)F.Cl,1,0.48264234434874814
Gemfibrozil,CC1=CC(=C(C=C1)C)OCCCC(C)(C)C(=O)O,1,0.602128153318271
Gemifloxacin mesylate,CON=C1CN(CC1CN)C2=C(C=C3C(=O)C(=CN(C3=N2)C4CC4)C(=O)O)F.CS(=O)(=O)O,1,0.581128463174528
Glimepiride,CCC1=C(CN(C1=O)C(=O)NCCC2=CC=C(C=C2)S(=O)(=O)NC(=O)NC3CCC(CC3)C)C,1,0.6886965869194573
Glipizide,CC1=CN=C(C=N1)C(=O)NCCC2=CC=C(C=C2)S(=O)(=O)NC(=O)NC3CCCCC3,1,0.6318621090257588
Glyburide,COC1=C(C=C(C=C1)Cl)C(=O)NCCC2=CC=C(C=C2)S(=O)(=O)NC(=O)NC3CCCCC3,1,0.725420719505019
Glycopyrrolate,C[N+]1(CCC(C1)OC(=O)C(C2CCCC2)(C3=CC=CC=C3)O)C.[Br-],0,0.5168857446255415
Guaifenesin,COC1=CC=CC=C1OCC(CO)O,0,0.42381859304926034
Heparin sodium,CC(=O)NC1C(C(C(OC1O)COS(=O)(=O)O)OC2C(C(C(C(O2)C(=O)O)OC3C(C(C(C(O3)CO)OC4C(C(C(C(O4)C(=O)O)O)O)OS(=O)(=O)O)OS(=O)(=O)O)NS(=O)(=O)O)O)OS(=O)(=O)O)O.[Na+],1,0.3012572330331216
Hydralazine hydrochloride,C1=CC=C2C(=C1)C=NN=C2NN.Cl,1,0.574255775879424
Hydrochlorothiazide,C1NC2=CC(=C(C=C2S(=O)(=O)N1)S(=O)(=O)N)Cl,1,0.5647277451595769
Hydrocortisone acetate,CC(=O)OCC(=O)C1(CCC2C1(CC(C3C2CCC4=CC(=O)CCC34C)O)C)O,0,0.41816899973459215
Hydroxychloroquine sulfate,CCN(CCCC(C)NC1=C2C=CC(=CC2=NC=C1)Cl)CCO.OS(=O)(=O)O,1,0.5518350881512606
Hydroxyurea,C(=O)(N)NO,1,0.5150961101696769
Hydroxyzine hydrochloride,C1CN(CCN1CCOCCO)C(C2=CC=CC=C2)C3=CC=C(C=C3)Cl.Cl.Cl,0,0.3605816981262412
Ibandronate sodium,CCCCCN(C)CCC(O)(P(=O)(O)O)P(=O)(O)[O-].O.[Na+],1,0.3612075151875426
Ibrutinib,C=CC(=O)N1CCCC(C1)N2C3=NC=NC(=C3C(=N2)C4=CC=C(C=C4)OC5=CC=CC=C5)N,1,0.6931653832835205
Ibuprofen,CC(C)CC1=CC=C(C=C1)C(C)C(=O)O,1,0.5572394114076291
Idelalisib,CCC(C1=NC2=C(C(=CC=C2)F)C(=O)N1C3=CC=CC=C3)NC4=NC=NC5=C4NC=N5,1,0.6298603881129654
Ifosfamide,C1CN(P(=O)(OC1)NCCCl)CCCl,1,0.51323517095589
Imatinib mesylate,CC1=C(C=C(C=C1)NC(=O)C2=CC=C(C=C2)CN3CCN(CC3)C)NC4=NC=CC(=N4)C5=CN=CC=C5.CS(=O)(=O)O,1,0.3585611312874971
Imipramine hydrochloride,CN(C)CCCN1C2=CC=CC=C2CCC3=CC=CC=C31.Cl,1,0.5338236750530481
Indomethacin,CC1=C(C2=C(N1C(=O)C3=CC=C(C=C3)Cl)C=CC(=C2)OC)CC(=O)O,1,0.6914440240615723
Interferon alfa-2b,CCCN(CCOC1=C(C=C(C=C1Cl)Cl)Cl)C(=O)N2C=CN=C2.C(S(=O)(=O)[O-])(I)I.[Na+],1,0.5278227100636239
Iodipamide sodium,C1=C(C(=C(C(=C1I)NC(=O)CCCCC(=O)NC2=C(C=C(C(=C2I)C(=O)[O-])I)I)I)C(=O)[O-])I.[Na+].[Na+],0,0.40752709283613064
Ioflupane i-123,COC(=O)C1C2CCC(N2CCCF)CC1C3=CC=C(C=C3)I,0,0.4849700845384601
Iproniazid,CC(C)NNC(=O)C1=CC=NC=C1,1,0.4404142949691344
Irbesartan,CCCCC1=NC2(CCCC2)C(=O)N1CC3=CC=C(C=C3)C4=CC=CC=C4C5=NNN=N5,1,0.5413618321001619
Irinotecan hydrochloride,CCC1=C2CN3C(=CC4=C(C3=O)COC(=O)C4(CC)O)C2=NC5=C1C=C(C=C5)OC(=O)N6CCC(CC6)N7CCCCC7.Cl,1,0.4253467789541034
Isoniazid,C1=CN=CC=C1C(=O)NN,1,0.6094594825620241
Isoproterenol hydrochloride,CC(C)NCC(C1=CC(=C(C=C1)O)O)O.Cl,0,0.5568301466270534
Isosorbide dinitrate,C1C(C2C(O1)C(CO2)O[N+](=O)[O-])O[N+](=O)[O-],0,0.5570153753791157
Isotretinoin,CC1=C(C(CCC1)(C)C)C=CC(=CC=CC(=CC(=O)O)C)C,1,0.5449827389510346
Isradipine,CC1=C(C(C(=C(N1)C)C(=O)OC(C)C)C2=CC=CC3=NON=C32)C(=O)OC,1,0.6069089088235452
Istradefylline,CCN1C2=C(C(=O)N(C1=O)CC)N(C(=N2)C=CC3=CC(=C(C=C3)OC)OC)C,0,0.6403537054522893
Itraconazole,CCC(C)N1C(=O)N(C=N1)C2=CC=C(C=C2)N3CCN(CC3)C4=CC=C(C=C4)OCC5COC(O5)(CN6C=NC=N6)C7=C(C=C(C=C7)Cl)Cl,1,0.4570351674374143
Ivabradine hydrochloride,CN(CCCN1CCC2=CC(=C(C=C2CC1=O)OC)OC)CC3CC4=CC(=C(C=C34)OC)OC.Cl,0,0.5809971699824023
Ivacaftor,CC(C)(C)C1=CC(=C(C=C1NC(=O)C2=CNC3=CC=CC=C3C2=O)O)C(C)(C)C,1,0.5986851475702472
Ivermectin,CCC(C)C1C(CCC2(O1)CC3CC(O2)CC=C(C(C(C=CC=C4COC5C4(C(C=C(C5O)C)C(=O)O3)O)C)OC6CC(C(C(O6)C)OC7CC(C(C(O7)C)O)OC)OC)C)C,1,0.5312062134429913
Kanamycin,C1C(C(C(C(C1N)OC2C(C(C(C(O2)CN)O)O)O)O)OC3C(C(C(C(O3)CO)O)N)O)N,0,0.2600094495501688
Ketamine hydrochloride,CNC1(CCCCC1=O)C2=CC=CC=C2Cl.Cl,1,0.6853986539528166
Ketoconazole,CC(=O)N1CCN(CC1)C2=CC=C(C=C2)OCC3COC(O3)(CN4C=CN=C4)C5=C(C=C(C=C5)Cl)Cl,1,0.6523908111518577
Ketoprofen,CC(C1=CC(=CC=C1)C(=O)C2=CC=CC=C2)C(=O)O,1,0.5840401550574323
Labetalol hydrochloride,CC(CCC1=CC=CC=C1)NCC(C2=CC(=C(C=C2)O)C(=O)N)O.Cl,1,0.4033692819179886
Lactulose,C(C1C(C(C(C(O1)OC2C(OC(C2O)(CO)O)CO)O)O)O)O,0,0.29205971631514677
Lamivudine,C1C(OC(S1)CO)N2C=CC(=NC2=O)N,1,0.5041022650931279
Lamotrigine,C1=CC(=C(C(=C1)Cl)Cl)C2=C(N=C(N=N2)N)N,1,0.555019756598174
Lansoprazole,CC1=C(C=CN=C1CS(=O)C2=NC3=CC=CC=C3N2)OCC(F)(F)F,1,0.6002349649212179
Leflunomide,CC1=C(C=NO1)C(=O)NC2=CC=C(C=C2)C(F)(F)F,1,0.6977628975517773
Lemborexant,CC1=NC(=NC=C1OCC2(CC2C(=O)NC3=NC=C(C=C3)F)C4=CC(=CC=C4)F)C,0,0.4260312925412902
Lenalidomide,C1CC(=O)NC(=O)C1N2CC3=C(C2=O)C=CC=C3N,1,0.5507714882706419
Letermovir,COC1=C(C=C(C=C1)C(F)(F)F)N2C(C3=C(C(=CC=C3)F)N=C2N4CCN(CC4)C5=CC(=CC=C5)OC)CC(=O)O,1,0.5378174497540144
Letrozole,C1=CC(=CC=C1C#N)C(C2=CC=C(C=C2)C#N)N3C=NC=N3,1,0.46925458481084875
Leuprolide acetate,CCNC(=O)C1CCCN1C(=O)C(CCCN=C(N)N)NC(=O)C(CC(C)C)NC(=O)C(CC(C)C)NC(=O)C(CC2=CC=C(C=C2)O)NC(=O)C(CO)NC(=O)C(CC3=CNC4=CC=CC=C43)NC(=O)C(CC5=CN=CN5)NC(=O)C6CCC(=O)N6.CC(=O)O,1,0.22496129237965407
Levetiracetam,CCC(C(=O)N)N1CCCC1=O,1,0.5305597653635118
Levocarnitine,C[N+](C)(C)CC(CC(=O)[O-])O,0,0.38632355051548334
Levofloxacin,CC1COC2=C3N1C=C(C(=O)C3=CC(=C2N4CCN(CC4)C)F)C(=O)O,1,0.5969931881993652
Levoleucovorin,C1C(N(C2=C(N1)N=C(NC2=O)N)C=O)CNC3=CC=C(C=C3)C(=O)NC(CCC(=O)O)C(=O)O,0,0.21903029441108313
Levonorgestrel,CCC12CCC3C(C1CCC2(C#C)O)CCC4=CC(=O)CCC34,0,0.6315583792084775
Levorphanol tartrate,CN1CCC23CCCCC2C1CC4=C3C=C(C=C4)O.C(C(C(=O)O)O)(C(=O)O)O,0,0.33439300928531995
Levothyroxine sodium,C1=C(C=C(C(=C1I)OC2=CC(=C(C(=C2)I)O)I)I)CC(C(=O)[O-])N.[Na+],1,0.3835391275633969
Lidocaine,CCN(CC)CC(=O)NC1=C(C=CC=C1C)C,0,0.6051241552088658
Linaclotide,CC1C(=O)NC2CSSCC3C(=O)NC(C(=O)NC(C(=O)NC(CSSCC(NC(=O)CNC(=O)C(NC2=O)C(C)O)C(=O)NC(CC4=CC=C(C=C4)O)C(=O)O)C(=O)NC(CSSCC(C(=O)N3)N)C(=O)NC(C(=O)N5CCCC5C(=O)N1)CC(=O)N)CC6=CC=C(C=C6)O)CCC(=O)O,0,0.19399554662928506
Linagliptin,CC#CCN1C2=C(N=C1N3CCCC(C3)N)N(C(=O)N(C2=O)CC4=NC5=CC=CC=C5C(=N4)C)C,1,0.637085645658446
Liothyronine sodium,C1=CC(=C(C=C1OC2=C(C=C(C=C2I)CC(C(=O)[O-])N)I)I)O.[Na+],0,0.5111832186666315
Liraglutide,CCCCCCCCCCCCCCCC(=O)NC(CCC(=O)NCCCCC(C(=O)NC(CCC(=O)O)C(=O)NC(CC1=CC=CC=C1)C(=O)NC(C(C)CC)C(=O)NC(C)C(=O)NC(CC2=CNC3=CC=CC=C32)C(=O)NC(CC(C)C)C(=O)NC(C(C)C)C(=O)NC(CCCNC(=N)N)C(=O)NCC(=O)NC(CCCNC(=N)N)C(=O)NCC(=O)O)NC(=O)C(C)NC(=O)C(C)NC(=O)C(CCC(=O)N)NC(=O)CNC(=O)C(CCC(=O)O)NC(=O)C(CC(C)C)NC(=O)C(CC4=CC=C(C=C4)O)NC(=O)C(CO)NC(=O)C(CO)NC(=O)C(C(C)C)NC(=O)C(CC(=O)O)NC(=O)C(CO)NC(=O)C(C(C)O)NC(=O)C(CC5=CC=CC=C5)NC(=O)C(C(C)O)NC(=O)CNC(=O)C(CCC(=O)O)NC(=O)C(C)NC(=O)C(CC6=CN=CN6)N)C(=O)O,1,0.17820315104549384
Lisinopril,C1CC(N(C1)C(=O)C(CCCCN)NC(CCC2=CC=CC=C2)C(=O)O)C(=O)O,1,0.49965791730879777
Lofexidine hydrochloride,CC(C1=NCCN1)OC2=C(C=CC=C2Cl)Cl.Cl,0,0.49671160764412353
Lomitapide mesylate,CS(=O)(=O)O.C1CN(CCC1NC(=O)C2=CC=CC=C2C3=CC=C(C=C3)C(F)(F)F)CCCCC4(C5=CC=CC=C5C6=CC=CC=C64)C(=O)NCC(F)(F)F,1,0.3701196137890611
Lomustine,C1CCC(CC1)NC(=O)N(CCCl)N=O,1,0.5833531500952783
Loperamide hydrochloride,CN(C)C(=O)C(CCN1CCC(CC1)(C2=CC=C(C=C2)Cl)O)(C3=CC=CC=C3)C4=CC=CC=C4.Cl,0,0.3809147258876655
Loracarbef,C1CC(=C(N2C1C(C2=O)NC(=O)C(C3=CC=CC=C3)N)C(=O)O)Cl,1,0.6368393383384023
Loratadine,CCOC(=O)N1CCC(=C2C3=C(CCC4=C2N=CC=C4)C=C(C=C3)Cl)CC1,0,0.6125313979374373
Lorazepam,C1=CC=C(C(=C1)C2=NC(C(=O)NC3=C2C=C(C=C3)Cl)O)Cl,1,0.5632490334233832
Losartan potassium,CCCCC1=NC(=C(N1CC2=CC=C(C=C2)C3=CC=CC=C3C4=NN=N[N-]4)CO)Cl.[K+],1,0.5436734842909403
Lovastatin,CCC(C)C(=O)OC1CC(C=C2C1C(C(C=C2)C)CCC3CC(CC(=O)O3)O)C,1,0.4645149153820966
Lubiprostone,CCCCC(C1(CCC2C(O1)CC(=O)C2CCCCCCC(=O)O)O)(F)F,0,0.3959160271379967
Lumiracoxib,CC1=CC(=C(C=C1)NC2=C(C=CC=C2Cl)F)CC(=O)O,1,0.6485101242135939
Lurasidone hydrochloride,C1CCC(C(C1)CN2CCN(CC2)C3=NSC4=CC=CC=C43)CN5C(=O)C6C7CCC(C7)C6C5=O.Cl,0,0.6784582063980444
Lusutrombopag,CCCCCCOC(C)C1=CC=CC(=C1OC)C2=CSC(=N2)NC(=O)C3=CC(=C(C(=C3)Cl)C=C(C)C(=O)O)Cl,0,0.6457593246519431
Macimorelin acetate,CC(=O)O.CC(C)(C(=O)NC(CC1=CNC2=CC=CC=C21)C(=O)NC(CC3=CNC4=CC=CC=C43)NC=O)N,0,0.479431639051278
Macitentan,CCCNS(=O)(=O)NC1=C(C(=NC=N1)OCCOC2=NC=C(C=N2)Br)C3=CC=C(C=C3)Br,1,0.6335904457871973
Maraviroc,CC1=NN=C(N1C2CC3CCC(C2)N3CCC(C4=CC=CC=C4)NC(=O)C5CCC(CC5)(F)F)C(C)C,1,0.347575079957648
Maribavir,CC(C)NC1=NC2=CC(=C(C=C2N1C3C(C(C(O3)CO)O)O)Cl)Cl,0,0.423188761057828
Mebendazole,COC(=O)NC1=NC2=C(N1)C=C(C=C2)C(=O)C3=CC=CC=C3,1,0.5559198338903518
Mecamylamine hydrochloride,CC1(C2CCC(C2)C1(C)NC)C.Cl,0,0.5137566346124179
Meclizine hydrochloride,CC1=CC(=CC=C1)CN2CCN(CC2)C(C3=CC=CC=C3)C4=CC=C(C=C4)Cl.O.Cl.Cl,0,0.5438450141366504
Mefenamic acid,CC1=C(C(=CC=C1)NC2=CC=CC=C2C(=O)O)C,1,0.7246668723870741
Mefloquine hydrochloride,C1CCNC(C1)C(C2=CC(=NC3=C2C=CC=C3C(F)(F)F)C(F)(F)F)O.Cl,1,0.48586412912973714
Meloxicam,CC1=CN=C(S1)NC(=O)C2=C(C3=CC=CC=C3S(=O)(=O)N2C)O,1,0.7252282338640926
Memantine hydrochloride,CC12CC3CC(C1)(CC(C3)(C2)N)C.Cl,1,0.497920916624951
Meperidine hydrochloride,CCOC(=O)C1(CCN(CC1)C)C2=CC=CC=C2.Cl,0,0.626344148666721
Mepivacaine hydrochloride,CC1=C(C(=CC=C1)C)NC(=O)C2CCCCN2C.Cl,1,0.5885008206048356
Meprobamate,CCCC(C)(COC(=O)N)COC(=O)N,0,0.56156460272646
Mercaptopurine,C1=NC2=C(N1)C(=S)N=CN2,1,0.6023952502651219
Meropenem,CC1C2C(C(=O)N2C(=C1SC3CC(NC3)C(=O)N(C)C)C(=O)O)C(C)O,1,0.49402159369814796
Mesalamine,C1=CC(=C(C=C1N)C(=O)O)O,1,0.6203989346585219
Metaproterenol sulfate,CC(C)NCC(C1=CC(=CC(=C1)O)O)O.CC(C)NCC(C1=CC(=CC(=C1)O)O)O.OS(=O)(=O)O,0,0.40519529594760323
Metformin hydrochloride,CN(C)C(=N)N=C(N)N.Cl,1,0.48490123377669897
Methamphetamine hydrochloride,CC(CC1=CC=CC=C1)NC.Cl,0,0.49803418141737693
Methazolamide,CC(=O)N=C1N(N=C(S1)S(=O)(=O)N)C,1,0.6273397019053053
Methimazole,CN1C=CNC1=S,1,0.5696752430559837
Methionine,CSCCC(C(=O)O)N,0,0.3097236396988867
Methotrexate sodium,CN(CC1=CN=C2C(=N1)C(=NC(=N2)N)N)C3=CC=C(C=C3)C(=O)NC(CCC(=O)[O-])C(=O)[O-].[Na+].[Na+],1,0.33878233696144106
Methoxsalen,COC1=C2C(=CC3=C1OC=C3)C=CC(=O)O2,1,0.7180748461055645
Methscopolamine bromide,C[N+]1(C2CC(CC1C3C2O3)OC(=O)C(CO)C4=CC=CC=C4)C.[Br-],0,0.3708349097791498
Methsuximide,CC1(CC(=O)N(C1=O)C)C2=CC=CC=C2,0,0.5889320721250623
Methyldopa,CC(CC1=CC(=C(C=C1)O)O)(C(=O)O)N,1,0.5063495686767185
Methylergonovine maleate,CCC(CO)NC(=O)C1CN(C2CC3=CNC4=CC=CC(=C34)C2=C1)C.C(=CC(=O)O)C(=O)O,0,0.27124431340027516
Methylphenidate hydrochloride,COC(=O)C(C1CCCCN1)C2=CC=CC=C2.Cl,1,0.5023271047945628
Methylprednisolone,CC1CC2C3CCC(C3(CC(C2C4(C1=CC(=O)C=C4)C)O)C)(C(=O)CO)O,1,0.5204040924050964
Methyltestosterone,CC12CCC(=O)C=C1CCC3C2CCC4(C3CCC4(C)O)C,1,0.5259729546305012
Methysergide maleate,CCC(CO)NC(=O)C1CN(C2CC3=CN(C4=CC=CC(=C34)C2=C1)C)C.C(=CC(=O)O)C(=O)O,0,0.2558880147960932
Metoclopramide hydrochloride,CCN(CC)CCNC(=O)C1=CC(=C(C=C1OC)N)Cl.O.Cl,1,0.694101163045426
Metoprolol tartrate,CC(C)NCC(COC1=CC=C(C=C1)CCOC)O.CC(C)NCC(COC1=CC=C(C=C1)CCOC)O.C(C(C(=O)O)O)(C(=O)O)O,1,0.4507553174882532
Metronidazole,CC1=NC=C(N1CCO)[N+](=O)[O-],1,0.5889944521515438
Metyrapone,CC(C)(C1=CN=CC=C1)C(=O)C2=CN=CC=C2,0,0.552194877278635
Metyrosine,CC(CC1=CC=C(C=C1)O)(C(=O)O)N,0,0.5406954928085675
Mexiletine hydrochloride,CC1=C(C(=CC=C1)C)OCC(C)N.Cl,1,0.6254768156744215
Micafungin sodium,CCCCCOC1=CC=C(C=C1)C2=CC(=NO2)C3=CC=C(C=C3)C(=O)NC4CC(C(NC(=O)C5C(C(CN5C(=O)C(NC(=O)C(NC(=O)C6CC(CN6C(=O)C(NC4=O)C(C)O)O)C(C(C7=CC(=C(C=C7)O)OS(=O)(=O)[O-])O)O)C(CC(=O)N)O)C)O)O)O.[Na+],1,0.33991962961388317
Midazolam hydrochloride,CC1=NC=C2N1C3=C(C=C(C=C3)Cl)C(=NC2)C4=CC=CC=C4F.Cl,0,0.6932831170848247
Midodrine hydrochloride,COC1=CC(=C(C=C1)OC)C(CNC(=O)CN)O.Cl,0,0.5388419814504712
Mifepristone,CC#CC1(CCC2C1(CC(C3=C4CCC(=O)C=C4CCC23)C5=CC=C(C=C5)N(C)C)C)O,1,0.6236187937941997
Migalastat hydrochloride,C1C(C(C(C(N1)CO)O)O)O.Cl,0,0.3846966283804513
Miglitol,C1C(C(C(C(N1CCO)CO)O)O)O,0,0.34016138555841574
Miglustat,CCCCN1CC(C(C(C1CO)O)O)O,0,0.37805198068649765
Milnacipran hydrochloride,CCN(CC)C(=O)C1(CC1CN)C2=CC=CC=C2.Cl,1,0.5101227335801383
Minocycline hydrochloride,CN(C)C1C2CC3CC4=C(C=CC(=C4C(=C3C(=O)C2(C(=C(C1=O)C(=O)N)O)O)O)O)N(C)C.Cl,1,0.3141181893302549
Minoxidil,C1CCN(CC1)C2=NC(=N)N(C(=C2)N)O,0,0.6052776676596627
Mirtazapine,CN1CCN2C(C1)C3=CC=CC=C3CC4=C2N=CC=C4,1,0.47070497005746215
Mitotane,C1=CC=C(C(=C1)C(C2=CC=C(C=C2)Cl)C(Cl)Cl)Cl,0,0.5600769280938258
Mitoxantrone hydrochloride,C1=CC(=C2C(=C1NCCNCCO)C(=O)C3=C(C=CC(=C3C2=O)O)O)NCCNCCO.Cl.Cl,1,0.5068466469837196
Modafinil,C1=CC=C(C=C1)C(C2=CC=CC=C2)S(=O)CC(=O)N,1,0.49536733848268677
Montelukast sodium,CC(C)(C1=CC=CC=C1CCC(C2=CC=CC(=C2)C=CC3=NC4=C(C=CC(=C4)Cl)C=C3)SCC5(CC5)CC(=O)[O-])O.[Na+],1,0.38062914401702896
Morphine sulfate,CN1CCC23C4C1CC5=C2C(=C(C=C5)O)OC3C(C=C4)O.CN1CCC23C4C1CC5=C2C(=C(C=C5)O)OC3C(C=C4)O.OS(=O)(=O)O,0,0.419543585775153
Moxifloxacin hydrochloride,COC1=C2C(=CC(=C1N3CC4CCCNC4C3)F)C(=O)C(=CN2C5CC5)C(=O)O.Cl,1,0.7695367913165869
Moxisylyte,CC1=CC(=C(C=C1OC(=O)C)C(C)C)OCCN(C)C,1,0.5776608893161339
Mycophenolate mofetil,CC1=C2COC(=O)C2=C(C(=C1OC)CC=C(C)CCC(=O)OCCN3CCOCC3)O,1,0.37238194717137696
Nabilone,CCCCCCC(C)(C)C1=CC(=C2C3CC(=O)CCC3C(OC2=C1)(C)C)O,0,0.4986219340404496
Nafcillin sodium,CCOC1=C(C2=CC=CC=C2C=C1)C(=O)NC3C4N(C3=O)C(C(S4)(C)C)C(=O)[O-].[Na+],1,0.6453997625899641
Nalbuphine hydrochloride,C1CC(C1)CN2CCC34C5C(CCC3(C2CC6=C4C(=C(C=C6)O)O5)O)O.Cl,0,0.343375497192911
Naloxone hydrochloride,C=CCN1CCC23C4C(=O)CCC2(C1CC5=C3C(=C(C=C5)O)O4)O.Cl,0,0.37577580357986773
Nandrolone phenpropionate,CC12CCC3C(C1CCC2OC(=O)CCC4=CC=CC=C4)CCC5=CC(=O)CCC35,1,0.6306256930612956
Naproxen,CC(C1=CC2=C(C=C1)C=C(C=C2)OC)C(=O)O,1,0.6751997478517987
Nefazodone hydrochloride,CCC1=NN(C(=O)N1CCOC2=CC=CC=C2)CCCN3CCN(CC3)C4=CC(=CC=C4)Cl.Cl,1,0.5045878218719199
Nelarabine,COC1=NC(=NC2=C1N=CN2C3C(C(C(O3)CO)O)O)N,1,0.38663135531755266
Nelfinavir mesylate,CC1=C(C=CC=C1O)C(=O)NC(CSC2=CC=CC=C2)C(CN3CC4CCCCC4CC3C(=O)NC(C)(C)C)O.CS(=O)(=O)O,1,0.3645589320288113
Neomycin sulfate,C1C(C(C(C(C1N)OC2C(C(C(C(O2)CN)O)O)N)OC3C(C(C(O3)CO)OC4C(C(C(C(O4)CN)O)O)N)O)O)N.OS(=O)(=O)O,0,0.33204010524704347
Nesiritide,CCC(C)C1C(=O)NC(C(=O)NC(C(=O)NC(C(=O)NC(C(=O)NCC(=O)NC(C(=O)NCC(=O)NC(CSSCC(C(=O)NC(C(=O)NCC(=O)NC(C(=O)NC(C(=O)NC(C(=O)NC(C(=O)NC(C(=O)N1)CCCNC(=N)N)CC(=O)O)CCSC)CCCCN)CCCNC(=N)N)CC2=CC=CC=C2)NC(=O)CNC(=O)C(CO)NC(=O)CNC(=O)C(CCC(=O)N)NC(=O)C(C(C)C)NC(=O)C(CCSC)NC(=O)C(CCCCN)NC(=O)C3CCCN3C(=O)C(CO)N)C(=O)NC(CCCCN)C(=O)NC(C(C)C)C(=O)NC(CC(C)C)C(=O)NC(CCCNC(=N)N)C(=O)NC(CCCNC(=N)N)C(=O)NC(CC4=CNC=N4)C(=O)O)CC(C)C)CO)CO)CO)CO,0,0.20494602629309405
Nevirapine,CC1=C2C(=NC=C1)N(C3=C(C=CC=N3)C(=O)N2)C4CC4,1,0.6261885698286822
Niacin,C1=CC(=CN=C1)C(=O)O,1,0.5685350430905085
Nialamide,C1=CC=C(C=C1)CNC(=O)CCNNC(=O)C2=CC=NC=C2,1,0.4631957492142986
Nifedipine,CC1=C(C(C(=C(N1)C)C(=O)OC)C2=CC=CC=C2[N+](=O)[O-])C(=O)OC,1,0.7432325427690002
Nifurtimox,CC1CS(=O)(=O)CCN1N=CC2=CC=C(O2)[N+](=O)[O-],0,0.6669594420191874
Nilotinib hydrochloride,CC1=C(C=C(C=C1)C(=O)NC2=CC(=CC(=C2)C(F)(F)F)N3C=C(N=C3)C)NC4=NC=CC(=N4)C5=CN=CC=C5.Cl,1,0.4953076523208282
Nilutamide,CC1(C(=O)N(C(=O)N1)C2=CC(=C(C=C2)[N+](=O)[O-])C(F)(F)F)C,1,0.694341594501745
Nimesulide,CS(=O)(=O)NC1=C(C=C(C=C1)[N+](=O)[O-])OC2=CC=CC=C2,1,0.7715636593031361
Niperotidine,CN(C)CC1=CC=C(O1)CSCCNC(=C[N+](=O)[O-])NCC2=CC3=C(C=C2)OCO3,1,0.5940836463321726
Nitazoxanide,CC(=O)OC1=CC=CC=C1C(=O)NC2=NC=C(S2)[N+](=O)[O-],0,0.7268205259040741
Nitrofurantoin,C1C(=O)NC(=O)N1N=CC2=CC=C(O2)[N+](=O)[O-],1,0.6406442092615298
Nitroglycerin,C(C(CO[N+](=O)[O-])O[N+](=O)[O-])O[N+](=O)[O-],0,0.4371510693234136
Nizatidine,CNC(=C[N+](=O)[O-])NCCSCC1=CSC(=N1)CN(C)C,1,0.7198375514857365
Nomifensine,CN1CC(C2=C(C1)C(=CC=C2)N)C3=CC=CC=C3,1,0.46691348726730575
Norethindrone acetate,CC(=O)OC1(CCC2C1(CCC3C2CCC4=CC(=O)CCC34)C)C#C,0,0.6606384812794192
Norfloxacin,CCN1C=C(C(=O)C2=CC(=C(C=C21)N3CCNCC3)F)C(=O)O,1,0.6028521564651376
Nortriptyline hydrochloride,CNCCC=C1C2=CC=CC=C2CCC3=CC=CC=C31.Cl,1,0.5463579346619651
Obeticholic acid,CCC1C2CC(CCC2(C3CCC4(C(C3C1O)CCC4C(C)CCC(=O)O)C)C)O,1,0.3683351594124546
Octreotide acetate,CC(C1C(=O)NC(CSSCC(C(=O)NC(C(=O)NC(C(=O)NC(C(=O)N1)CCCCN)CC2=CNC3=CC=CC=C32)CC4=CC=CC=C4)NC(=O)C(CC5=CC=CC=C5)N)C(=O)NC(CO)C(C)O)O.CC(=O)O.CC(=O)O,1,0.20249620526006407
Ofloxacin,CC1COC2=C3N1C=C(C(=O)C3=CC(=C2N4CCN(CC4)C)F)C(=O)O,1,0.6426720209192199
Olanzapine,CC1=CC2=C(S1)NC3=CC=CC=C3N=C2N4CCN(CC4)C,1,0.627064128204931
Olaparib,C1CC1C(=O)N2CCN(CC2)C(=O)C3=C(C=CC(=C3)CC4=NNC(=O)C5=CC=CC=C54)F,1,0.6291586461990284
Olsalazine sodium,C1=CC(=C(C=C1N=NC2=CC(=C(C=C2)[O-])C(=O)O)C(=O)O)[O-].[Na+].[Na+],1,0.5853096946005851
Omeprazole,CC1=CN=C(C(=C1OC)C)CS(=O)C2=NC3=C(N2)C=C(C=C3)OC,1,0.7601849937417194
Ondansetron hydrochloride,CC1=NC=CN1CC2CCC3=C(C2=O)C4=CC=CC=C4N3C.Cl,1,0.6150327536106154
Opicapone,CC1=C(C(=[N+](C(=C1Cl)C)[O-])Cl)C2=NOC(=N2)C3=CC(=C(C(=C3)O)O)[N+](=O)[O-],0,0.7140913107790843
Orlistat,CCCCCCCCCCCC(CC1C(C(=O)O1)CCCCCC)OC(=O)C(CC(C)C)NC=O,1,0.3977724464447214
Orphenadrine hydrochloride,CC1=CC=CC=C1C(C2=CC=CC=C2)OCCN(C)C.Cl,0,0.5722356962962345
Osimertinib mesylate,CN1C=C(C2=CC=CC=C21)C3=NC(=NC=C3)NC4=C(C=C(C(=C4)NC(=O)C=C)N(C)CCN(C)C)OC.CS(=O)(=O)O,1,0.47637068940559085
Ospemifene,C1=CC=C(C=C1)C(=C(C2=CC=CC=C2)C3=CC=C(C=C3)OCCO)CCCl,0,0.5561289765391344
Oxacillin sodium,CC1=C(C(=NO1)C2=CC=CC=C2)C(=O)NC3C4N(C3=O)C(C(S4)(C)C)C(=O)[O-].O.[Na+],1,0.6573971483019961
Oxandrolone,CC12CCC3C(C1CCC2(C)O)CCC4C3(COC(=O)C4)C,1,0.5092684541477727
Oxaprozin,C1=CC=C(C=C1)C2=C(OC(=N2)CCC(=O)O)C3=CC=CC=C3,1,0.6829133843021561
Oxcarbazepine,C1C2=CC=CC=C2N(C3=CC=CC=C3C1=O)C(=O)N,1,0.6367090415926079
Oxycodone hydrochloride,CN1CCC23C4C(=O)CCC2(C1CC5=C3C(=C(C=C5)OC)O4)O.Cl,1,0.34929822474246774
Oxymetholone,CC12CCC3C(C1CCC2(C)O)CCC4C3(CC(=CO)C(=O)C4)C,1,0.4242188256102266
Oxymorphone hydrochloride,CN1CCC23C4C(=O)CCC2(C1CC5=C3C(=C(C=C5)O)O4)O.Cl,0,0.38119236278726815
Oxytocin,CCC(C)C1C(=O)NC(C(=O)NC(C(=O)NC(CSSCC(C(=O)NC(C(=O)N1)CC2=CC=C(C=C2)O)N)C(=O)N3CCCC3C(=O)NC(CC(C)C)C(=O)NCC(=O)N)CC(=O)N)CCC(=O)N,0,0.37018637921425135
Paclitaxel,CC1=C2C(C(=O)C3(C(CC4C(C3C(C(C2(C)C)(CC1OC(=O)C(C(C5=CC=CC=C5)NC(=O)C6=CC=CC=C6)O)O)OC(=O)C7=CC=CC=C7)(CO4)OC(=O)C)O)C)OC(=O)C,1,0.6117806574162933
Pafolacianine sodium,CC1(C2=C(C=CC(=C2)S(=O)(=O)[O-])[N+](=C1C=CC3=C(C(=CC=C4C(C5=C(N4CCCCS(=O)(=O)[O-])C=CC(=C5)S(=O)(=O)[O-])(C)C)CCC3)OC6=CC=C(C=C6)CC(C(=O)[O-])NC(=O)C7=CC=C(C=C7)NCC8=CN=C9C(=N8)C(=O)NC(=N9)N)CCCCS(=O)(=O)[O-])C.[Na+].[Na+].[Na+].[Na+],0,0.363329675987814
Palbociclib,CC1=C(C(=O)N(C2=NC(=NC=C12)NC3=NC=C(C=C3)N4CCNCC4)C5CCCC5)C(=O)C,1,0.6946449066303038
Paliperidone,CC1=C(C(=O)N2CCCC(C2=N1)O)CCN3CCC(CC3)C4=NOC5=C4C=CC(=C5)F,1,0.602509658189021
Pantoprazole sodium,COC1=C(C(=NC=C1)CS(=O)C2=NC3=C([N-]2)C=CC(=C3)OC(F)F)OC.[Na+],1,0.6361663675444911
Papaverine hydrochloride,COC1=C(C=C(C=C1)CC2=NC=CC3=CC(=C(C=C32)OC)OC)OC.Cl,1,0.5948332775824616
Paromomycin sulfate,C1C(C(C(C(C1N)OC2C(C(C(C(O2)CO)O)O)N)OC3C(C(C(O3)CO)OC4C(C(C(C(O4)CN)O)O)N)O)O)N.OS(=O)(=O)O,0,0.31802104388345176
Paroxetine hydrochloride,C1CNCC(C1C2=CC=C(C=C2)F)COC3=CC4=C(C=C3)OCO4.Cl,1,0.5125931192567996
Pazopanib hydrochloride,CC1=C(C=C(C=C1)NC2=NC=CC(=N2)N(C)C3=CC4=NN(C(=C4C=C3)C)C)S(=O)(=O)N.Cl,1,0.7168848156135735
Pegfilgrastim,CC(C(C(=O)O)N)OC1C(C(C(C(O1)COC2(CC(C(C(O2)C(C(CO)O)O)NC(=O)CNC(=O)OCCOC)O)C(=O)O)O)O)NC(=O)C,0,0.28064797300001804
Penbutolol sulfate,CC(C)(C)NCC(COC1=CC=CC=C1C2CCCC2)O.CC(C)(C)NCC(COC1=CC=CC=C1C2CCCC2)O.OS(=O)(=O)O,0,0.43175063122395574
Penicillin v potassium,CC1(C(N2C(S1)C(C2=O)NC(=O)COC3=CC=CC=C3)C(=O)[O-])C.[K+],0,0.6072863302369544
Pentagastrin,CC(C)(C)OC(=O)NCCC(=O)NC(CC1=CNC2=CC=CC=C21)C(=O)NC(CCSC)C(=O)NC(CC(=O)O)C(=O)NC(CC3=CC=CC=C3)C(=O)N,0,0.4081722481892807
Pentostatin,C1C(C(OC1N2C=NC3=C2NC=NCC3O)CO)O,1,0.4210014010079995
Perampanel,C1=CC=C(C=C1)N2C=C(C=C(C2=O)C3=CC=CC=C3C#N)C4=CC=CC=N4,0,0.6327146063695412
Perhexiline,C1CCC(CC1)C(CC2CCCCN2)C3CCCCC3,1,0.39727934177488716
Perphenazine,C1CN(CCN1CCCN2C3=CC=CC=C3SC4=C2C=C(C=C4)Cl)CCO,1,0.5548966320931978
Pexidartinib hydrochloride,C1=CC(=NC=C1CC2=CNC3=C2C=C(C=N3)Cl)NCC4=CN=C(C=C4)C(F)(F)F.Cl,1,0.49197888739447926
Phendimetrazine tartrate,CC1C(OCCN1C)C2=CC=CC=C2.C(C(C(=O)O)O)(C(=O)O)O,0,0.4226157502092686
Phenelzine sulfate,C1=CC=C(C=C1)CCNN.OS(=O)(=O)O,1,0.6305002453586627
Phenobarbital sodium,CCC1(C(=O)NC(=NC1=O)[O-])C2=CC=CC=C2.[Na+],1,0.7069274180209031
Phenoxybenzamine hydrochloride,CC(COC1=CC=CC=C1)N(CCCl)CC2=CC=CC=C2.Cl,0,0.6260422106913163
Phentolamine mesylate,CC1=CC=C(C=C1)N(CC2=NCCN2)C3=CC(=CC=C3)O.CS(=O)(=O)O,0,0.4841709118597932
Phenytoin,C1=CC=C(C=C1)C2(C(=O)NC(=O)N2)C3=CC=CC=C3,1,0.665204523148643
Phytonadione,CC1=C(C(=O)C2=CC=CC=C2C1=O)CC=C(C)CCCC(C)CCCC(C)CCCC(C)C,0,0.6116829000056055
Piflufolastat f-18,C1=CC(=NC=C1C(=O)NCCCCC(C(=O)O)NC(=O)NC(CCC(=O)O)C(=O)O)F,0,0.2547778180767584
Pimavanserin tartrate,CC(C)COC1=CC=C(C=C1)CNC(=O)N(CC2=CC=C(C=C2)F)C3CCN(CC3)C.CC(C)COC1=CC=C(C=C1)CNC(=O)N(CC2=CC=C(C=C2)F)C3CCN(CC3)C.C(C(C(=O)O)O)(C(=O)O)O,0,0.32220908835652623
Pimozide,C1CN(CCC1N2C3=CC=CC=C3NC2=O)CCCC(C4=CC=C(C=C4)F)C5=CC=C(C=C5)F,0,0.3087558514592707
Pindolol,CC(C)NCC(COC1=CC=CC2=C1C=CN2)O,0,0.3988440110340696
Pioglitazone hydrochloride,CCC1=CN=C(C=C1)CCOC2=CC=C(C=C2)CC3C(=O)NC(=O)S3.Cl,1,0.5676180313984209
Pirfenidone,CC1=CN(C(=O)C=C1)C2=CC=CC=C2,1,0.6869234058863266
Piroxicam,CN1C(=C(C2=CC=CC=C2S1(=O)=O)O)C(=O)NC3=CC=CC=N3,1,0.6143679655468068
Pitolisant hydrochloride,C1CCN(CC1)CCCOCCCC2=CC=C(C=C2)Cl.Cl,0,0.5868121926168824
Plerixafor,C1CNCCNCCCN(CCNC1)CC2=CC=C(C=C2)CN3CCCNCCNCCCNCC3,0,0.4587701517883221
Pomalidomide,C1CC(=O)NC(=O)C1N2C(=O)C3=C(C2=O)C(=CC=C3)N,1,0.5701292050467839
Posaconazole,CCC(C(C)O)N1C(=O)N(C=N1)C2=CC=C(C=C2)N3CCN(CC3)C4=CC=C(C=C4)OCC5CC(OC5)(CN6C=NC=N6)C7=C(C=C(C=C7)F)F,1,0.46582928098270215
Pralnacasan,CCOC1C(CC(=O)O1)NC(=O)C2CCCN3N2C(=O)C(CCC3=O)NC(=O)C4=NC=CC5=CC=CC=C54,1,0.6849568994307423
Pramlintide acetate,CCC(C)C(C(=O)NC(CC(C)C)C(=O)N1CCCC1C(=O)N2CCCC2C(=O)NC(C(C)O)C(=O)NC(CC(=O)N)C(=O)NC(C(C)C)C(=O)NCC(=O)NC(CO)C(=O)NC(CC(=O)N)C(=O)NC(C(C)O)C(=O)NC(CC3=CC=C(C=C3)O)C(=O)N)NC(=O)C4CCCN4C(=O)CNC(=O)C(CC5=CC=CC=C5)NC(=O)C(CC(=O)N)NC(=O)C(CC(=O)N)NC(=O)C(CO)NC(=O)C(CO)NC(=O)C(CC6=CNC=N6)NC(=O)C(C(C)C)NC(=O)C(CC(C)C)NC(=O)C(CC7=CC=CC=C7)NC(=O)C(CC(=O)N)NC(=O)C(C)NC(=O)C(CC(C)C)NC(=O)C(CCCNC(=N)N)NC(=O)C(CCC(=O)N)NC(=O)C(C(C)O)NC(=O)C(C)NC(=O)C8CSSCC(C(=O)NC(C(=O)NC(C(=O)NC(C(=O)NC(C(=O)N8)C(C)O)C)C(C)O)CC(=O)N)NC(=O)C(CCCCN)N.CC(=O)O,0,0.2829678735054119
Prasugrel hydrochloride,CC(=O)OC1=CC2=C(S1)CCN(C2)C(C3=CC=CC=C3F)C(=O)C4CC4.Cl,1,0.5765835935031959
Pravastatin sodium,CCC(C)C(=O)OC1CC(C=C2C1C(C(C=C2)C)CCC(CC(CC(=O)[O-])O)O)O.[Na+],1,0.3568502663897995
Prednisolone,CC12CC(C3C(C1CCC2(C(=O)CO)O)CCC4=CC(=O)C=CC34C)O,1,0.4035304176389437
Prednisone,CC12CC(=O)C3C(C1CCC2(C(=O)CO)O)CCC4=CC(=O)C=CC34C,1,0.43595188744489033
Pregabalin,CC(C)CC(CC(=O)O)CN,1,0.3705190887949067
Primidone,CCC1(C(=O)NCNC1=O)C2=CC=CC=C2,0,0.5054060735798227
Procainamide hydrochloride,CCN(CC)CCNC(=O)C1=CC=C(C=C1)N.Cl,1,0.5279713835960437
Procarbazine hydrochloride,CC(C)NC(=O)C1=CC=C(C=C1)CNNC.Cl,1,0.4603006031435466
Prochlorperazine maleate,CN1CCN(CC1)CCCN2C3=CC=CC=C3SC4=C2C=C(C=C4)Cl.C(=CC(=O)O)C(=O)O.C(=CC(=O)O)C(=O)O,1,0.5081988306716229
Procyclidine hydrochloride,C1CCC(CC1)C(CCN2CCCC2)(C3=CC=CC=C3)O.Cl,0,0.47628923844840243
Progesterone,CC(=O)C1CCC2C1(CCC3C2CCC4=CC(=O)CCC34C)C,1,0.5866861581329279
Promethazine hydrochloride,CC(CN1C2=CC=CC=C2SC3=CC=CC=C31)N(C)C.Cl,1,0.607001728148439
Propafenone hydrochloride,CCCNCC(COC1=CC=CC=C1C(=O)CCC2=CC=CC=C2)O.Cl,1,0.6077202390284517
Propofol,CC(C)C1=C(C(=CC=C1)C(C)C)O,1,0.41202649844545275
Propoxyphene hydrochloride,CCC(=O)OC(CC1=CC=CC=C1)(C2=CC=CC=C2)C(C)CN(C)C.Cl,1,0.4963563686193122
Propylthiouracil,CCCC1=CC(=O)NC(=S)N1,1,0.6892130961095875
Protirelin,C1CC(N(C1)C(=O)C(CC2=CN=CN2)NC(=O)C3CCC(=O)N3)C(=O)N,0,0.43066191411813104
Protriptyline hydrochloride,CNCCCC1C2=CC=CC=C2C=CC3=CC=CC=C13.Cl,0,0.5948547112119136
Pseudoephedrine hydrochloride,CC(C(C1=CC=CC=C1)O)NC.Cl,0,0.4541793160133367
Pyrazinamide,C1=CN=C(C=N1)C(=O)N,1,0.6397875292431497
Pyridoxine hydrochloride,CC1=NC=C(C(=C1O)CO)CO.Cl,0,0.48078388682823975
Pyrimethamine,CCC1=C(C(=NC(=N1)N)N)C2=CC=C(C=C2)Cl,1,0.6255155261943819
Quazepam,C1C(=S)N(C2=C(C=C(C=C2)Cl)C(=N1)C3=CC=CC=C3F)CC(F)(F)F,0,0.6562585737386898
Quinapril hydrochloride,CCOC(=O)C(CCC1=CC=CC=C1)NC(C)C(=O)N2CC3=CC=CC=C3CC2C(=O)O.Cl,1,0.6214184340503802
Quinine sulfate,COC1=CC2=C(C=CN=C2C=C1)C(C3CC4CCN3CC4C=C)O.COC1=CC2=C(C=CN=C2C=C1)C(C3CC4CCN3CC4C=C)O.OS(=O)(=O)O,1,0.5416814569246409
Rabeprazole sodium,CC1=C(C=CN=C1CS(=O)C2=NC3=CC=CC=C3[N-]2)OCCCOC.[Na+],1,0.6361790924038482
Raloxifene hydrochloride,C1CCN(CC1)CCOC2=CC=C(C=C2)C(=O)C3=C(SC4=C3C=CC(=C4)O)C5=CC=C(C=C5)O.Cl,1,0.5017749459154756
Raltegravir potassium,CC1=NN=C(O1)C(=O)NC(C)(C)C2=NC(=C(C(=O)N2C)[O-])C(=O)NCC3=CC=C(C=C3)F.[K+],1,0.5388558578887249
Ramelteon,CCC(=O)NCCC1CCC2=C1C3=C(C=C2)OCC3,0,0.49485891481527244
Ramipril,CCOC(=O)C(CCC1=CC=CC=C1)NC(C)C(=O)N2C3CCCC3CC2C(=O)O,1,0.5066617119393247
Ranitidine hydrochloride,CNC(=C[N+](=O)[O-])NCCSCC1=CC=C(O1)CN(C)C.Cl,1,0.5808890679542468
Ranolazine,CC1=C(C(=CC=C1)C)NC(=O)CN2CCN(CC2)CC(COC3=CC=CC=C3OC)O,0,0.5693771949188232
Regadenoson,CNC(=O)C1=CN(N=C1)C2=NC(=C3C(=N2)N(C=N3)C4C(C(C(O4)CO)O)O)N,0,0.37541729816315544
Regorafenib,CNC(=O)C1=NC=CC(=C1)OC2=CC(=C(C=C2)NC(=O)NC3=CC(=C(C=C3)Cl)C(F)(F)F)F,1,0.642114326275518
Remdesivir,CCC(CC)COC(=O)C(C)NP(=O)(OCC1C(C(C(O1)(C#N)C2=CC=C3N2N=CN=C3N)O)O)OC4=CC=CC=C4,1,0.3166080765172855
Remifentanil hydrochloride,CCC(=O)N(C1=CC=CC=C1)C2(CCN(CC2)CCC(=O)OC)C(=O)OC.Cl,1,0.4297990837208088
Repaglinide,CCOC1=C(C=CC(=C1)CC(=O)NC(CC(C)C)C2=CC=CC=C2N3CCCCC3)C(=O)O,1,0.6059190178988149
Reserpine,COC1C(CC2CN3CCC4=C(C3CC2C1C(=O)OC)NC5=C4C=CC(=C5)OC)OC(=O)C6=CC(=C(C(=C6)OC)OC)OC,0,0.6181432252872874
Ribavirin,C1=NC(=NN1C2C(C(C(O2)CO)O)O)C(=O)N,1,0.38787424670783804
Riboflavin 5'-phosphate,CC1=CC2=C(C=C1C)N(C3=NC(=O)NC(=O)C3=N2)CC(C(C(COP(=O)(O)O)O)O)O,0,0.5058079737860686
Rifabutin,CC1C=CC=C(C(=O)NC2=C(C3=C(C4=C(C(=C3O)C)OC(C4=O)(OC=CC(C(C(C(C(C(C1O)C)O)C)OC(=O)C)C)OC)C)C5=NC6(CCN(CC6)CC(C)C)N=C25)O)C,1,0.5466213053557488
Rifampin,CC1C=CC=C(C(=O)NC2=C(C(=C3C(=C2O)C(=C(C4=C3C(=O)C(O4)(OC=CC(C(C(C(C(C(C1O)C)O)C)OC(=O)C)C)OC)C)C)O)O)C=NN5CCN(CC5)C)C,1,0.6994876066321373
Rifamycin sodium,CC1C=CC=C(C(=O)NC2=CC(=C3C(=C2O)C(=C(C4=C3C(=O)C(O4)(OC=CC(C(C(C(C(C(C1O)C)O)C)OC(=O)C)C)OC)C)C)O)[O-])C.[Na+],0,0.6852526943029447
Rilpivirine hydrochloride,CC1=CC(=CC(=C1NC2=NC(=NC=C2)NC3=CC=C(C=C3)C#N)C)C=CC#N.Cl,1,0.7092077292102372
Riluzole,C1=CC2=C(C=C1OC(F)(F)F)SC(=N2)N,1,0.6078001200042652
Rimantadine hydrochloride,CC(C12CC3CC(C1)CC(C3)C2)N.Cl,0,0.562518294145765
Rimegepant sulfate,C1CC(C2=C(C=CC=N2)C(C1C3=C(C(=CC=C3)F)F)N)OC(=O)N4CCC(CC4)N5C6=C(NC5=O)N=CC=C6.C1CC(C2=C(C=CC=N2)C(C1C3=C(C(=CC=C3)F)F)N)OC(=O)N4CCC(CC4)N5C6=C(NC5=O)N=CC=C6.O.O.O.OS(=O)(=O)O,0,0.4282747643911562
Riociguat,CN(C1=C(N=C(N=C1N)C2=NN(C3=C2C=CC=N3)CC4=CC=CC=C4F)N)C(=O)OC,0,0.5999738176115265
Risperidone,CC1=C(C(=O)N2CCCCC2=N1)CCN3CCC(CC3)C4=NOC5=C4C=CC(=C5)F,1,0.4499903249282458
Ritonavir,CC(C)C1=NC(=CS1)CN(C)C(=O)NC(C(C)C)C(=O)NC(CC2=CC=CC=C2)CC(C(CC3=CC=CC=C3)NC(=O)OCC4=CN=CS4)O,1,0.597202200655454
Rivaroxaban,C1COCC(=O)N1C2=CC=C(C=C2)N3CC(OC3=O)CNC(=O)C4=CC=C(S4)Cl,1,0.6648881062171762
Rivastigmine tartrate,CCN(C)C(=O)OC1=CC=CC(=C1)C(C)N(C)C.C(C(C(=O)O)O)(C(=O)O)O,1,0.36590154638637246
Roflumilast,C1CC1COC2=C(C=CC(=C2)C(=O)NC3=C(C=NC=C3Cl)Cl)OC(F)F,0,0.5026672393032602
Rolapitant hydrochloride,CC(C1=CC(=CC(=C1)C(F)(F)F)C(F)(F)F)OCC2(CCC3(CCC(=O)N3)CN2)C4=CC=CC=C4.O.Cl,0,0.3198400411238193
Romidepsin,CC=C1C(=O)NC(C(=O)OC2CC(=O)NC(C(=O)NC(CSSCCC=C2)C(=O)N1)C(C)C)C(C)C,0,0.45920226491166477
Ropinirole hydrochloride,CCCN(CCC)CCC1=C2CC(=O)NC2=CC=C1.Cl,1,0.5439758938046886
Rosiglitazone maleate,CN(CCOC1=CC=C(C=C1)CC2C(=O)NC(=O)S2)C3=CC=CC=N3.C(=CC(=O)O)C(=O)O,1,0.4867486340719442
Safinamide mesylate,CC(C(=O)N)NCC1=CC=C(C=C1)OCC2=CC(=CC=C2)F.CS(=O)(=O)O,0,0.5213697555982619
Salsalate,C1=CC=C(C(=C1)C(=O)OC2=CC=CC=C2C(=O)O)O,1,0.6677124980669453
Saquinavir mesylate,CC(C)(C)NC(=O)C1CC2CCCCC2CN1CC(C(CC3=CC=CC=C3)NC(=O)C(CC(=O)N)NC(=O)C4=NC5=CC=CC=C5C=C4)O.CS(=O)(=O)O,1,0.3240076360651005
Saxagliptin hydrochloride,C1C2CC2N(C1C#N)C(=O)C(C34CC5CC(C3)CC(C5)(C4)O)N.Cl,1,0.3552038545215067
Scopolamine,CN1C2CC(CC1C3C2O3)OC(=O)C(CO)C4=CC=CC=C4,0,0.3840531819185098
Selegiline hydrochloride,CC(CC1=CC=CC=C1)N(C)CC#C.Cl,0,0.5047395607221768
Selexipag,CC(C)N(CCCCOCC(=O)NS(=O)(=O)C)C1=CN=C(C(=N1)C2=CC=CC=C2)C3=CC=CC=C3,0,0.6395696658028371
Semaglutide,CCC(C)C(C(=O)NC(C)C(=O)NC(CC1=CNC2=CC=CC=C21)C(=O)NC(CC(C)C)C(=O)NC(C(C)C)C(=O)NC(CCCNC(=N)N)C(=O)NCC(=O)NC(CCCNC(=N)N)C(=O)NCC(=O)O)NC(=O)C(CC3=CC=CC=C3)NC(=O)C(CCC(=O)O)NC(=O)C(CCCCNC(=O)COCCOCCNC(=O)COCCOCCNC(=O)CCC(C(=O)O)NC(=O)CCCCCCCCCCCCCCCCC(=O)O)NC(=O)C(C)NC(=O)C(C)NC(=O)C(CCC(=O)N)NC(=O)CNC(=O)C(CCC(=O)O)NC(=O)C(CC(C)C)NC(=O)C(CC4=CC=C(C=C4)O)NC(=O)C(CO)NC(=O)C(CO)NC(=O)C(C(C)C)NC(=O)C(CC(=O)O)NC(=O)C(CO)NC(=O)C(C(C)O)NC(=O)C(CC5=CC=CC=C5)NC(=O)C(C(C)O)NC(=O)CNC(=O)C(CCC(=O)O)NC(=O)C(C)(C)NC(=O)C(CC6=CN=CN6)N,1,0.1400466796498269
Sertraline hydrochloride,CNC1CCC(C2=CC=CC=C12)C3=CC(=C(C=C3)Cl)Cl.Cl,1,0.6044944186409041
Setmelanotide acetate,CC1C(=O)NC(C(=O)NC(C(=O)NC(C(=O)NC(C(=O)NC(CSSCC(C(=O)N1)NC(=O)C(CCCN=C(N)N)NC(=O)C)C(=O)N)CC2=CNC3=CC=CC=C32)CCCN=C(N)N)CC4=CC=CC=C4)CC5=CN=CN5.CC(=O)O.CC(=O)O.CC(=O)O,0,0.3609987756905535
Sibutramine hydrochloride,CC(C)CC(C1(CCC1)C2=CC=C(C=C2)Cl)N(C)C.Cl,1,0.455082651787641
Sildenafil citrate,CCCC1=NN(C2=C1N=C(NC2=O)C3=C(C=CC(=C3)S(=O)(=O)N4CCN(CC4)C)OCC)C.C(C(=O)O)C(CC(=O)O)(C(=O)O)O,1,0.586549587099147
Simvastatin,CCC(C)(C)C(=O)OC1CC(C=C2C1C(C(C=C2)C)CCC3CC(CC(=O)O3)O)C,1,0.5588913593036775
Sincalide,CSCCC(C(=O)NCC(=O)NC(CC1=CNC2=CC=CC=C21)C(=O)NC(CCSC)C(=O)NC(CC(=O)O)C(=O)NC(CC3=CC=CC=C3)C(=O)N)NC(=O)C(CC4=CC=C(C=C4)OS(=O)(=O)O)NC(=O)C(CC(=O)O)N,0,0.3814492440328196
Sirolimus,CC1CCC2CC(C(=CC=CC=CC(CC(C(=O)C(C(C(=CC(C(=O)CC(OC(=O)C3CCCCN3C(=O)C(=O)C1(O2)O)C(C)CC4CCC(C(C4)OC)O)C)C)O)OC)C)C)C)OC,1,0.6718861073860674
Sitaxsentan,CC1=CC2=C(C=C1CC(=O)C3=C(C=CS3)S(=O)(=O)NC4=C(C(=NO4)C)Cl)OCO2,1,0.5632526199711644
Sodium bicarbonate,C(=O)(O)[O-].[Na+],0,0.49454314246419556
Sodium oxybate,C(CC(=O)[O-])CO.[Na+],0,0.3983234988295389
Sofosbuvir,CC(C)OC(=O)C(C)NP(=O)(OCC1C(C(C(O1)N2C=CC(=O)NC2=O)(C)F)O)OC3=CC=CC=C3,0,0.5312861408411074
Solriamfetol hydrochloride,C1=CC=C(C=C1)CC(COC(=O)N)N.Cl,0,0.4699350074550293
Spironolactone,CC(=O)SC1CC2=CC(=O)CCC2(C3C1C4CCC5(C4(CC3)C)CCC(=O)O5)C,1,0.6255342318092948
Stavudine,CC1=CN(C(=O)NC1=O)C2C=CC(O2)CO,1,0.5670241219161604
Stiripentol,CC(C)(C)C(C=CC1=CC2=C(C=C1)OCO2)O,0,0.44360464427848006
Streptomycin sulfate,CC1C(C(C(O1)OC2C(C(C(C(C2O)O)N=C(N)N)O)N=C(N)N)OC3C(C(C(C(O3)CO)O)O)NC)(C=O)O.CC1C(C(C(O1)OC2C(C(C(C(C2O)O)N=C(N)N)O)N=C(N)N)OC3C(C(C(C(O3)CO)O)O)NC)(C=O)O.OS(=O)(=O)O.OS(=O)(=O)O.OS(=O)(=O)O,0,0.3133266586580841
Sufentanil citrate,CCC(=O)N(C1=CC=CC=C1)C2(CCN(CC2)CCC3=CC=CS3)COC.C(C(=O)O)C(CC(=O)O)(C(=O)O)O,0,0.4442681078288448
Sulfadiazine,C1=CN=C(N=C1)NS(=O)(=O)C2=CC=C(C=C2)N,1,0.6913955691111606
Sulfamethizole,CC1=NN=C(S1)NS(=O)(=O)C2=CC=C(C=C2)N,1,0.7432325552827113
Sulfasalazine,C1=CC=NC(=C1)NS(=O)(=O)C2=CC=C(C=C2)N=NC3=CC(=C(C=C3)O)C(=O)O,1,0.724562945269257
Sulfathiazole,C1=CC(=CC=C1N)S(=O)(=O)NC2=NC=CS2,1,0.7533757128634231
Sulindac,CC1=C(C2=C(C1=CC3=CC=C(C=C3)S(=O)C)C=CC(=C2)F)CC(=O)O,1,0.5522222654902107
Suvorexant,CC1CCN(CCN1C(=O)C2=C(C=CC(=C2)C)N3N=CC=N3)C4=NC5=C(O4)C=CC(=C5)Cl,0,0.7402168569424553
Tacrolimus,CC1CC(C2C(CC(C(O2)(C(=O)C(=O)N3CCCCC3C(=O)OC(C(C(CC(=O)C(C=C(C1)C)CC=C)O)C)C(=CC4CCC(C(C4)OC)O)C)O)C)OC)OC,1,0.6263173921216822
Tadalafil,CN1CC(=O)N2C(C1=O)CC3=C(C2C4=CC5=C(C=C4)OCO5)NC6=CC=CC=C36,1,0.6341183430303283
Tamoxifen citrate,CCC(=C(C1=CC=CC=C1)C2=CC=C(C=C2)OCCN(C)C)C3=CC=CC=C3.C(C(=O)O)C(CC(=O)O)(C(=O)O)O,1,0.6056988293784509
Tamsulosin hydrochloride,CCOC1=CC=CC=C1OCCNC(C)CC2=CC(=C(C=C2)OC)S(=O)(=O)N.Cl,1,0.6031986919287062
Tapentadol hydrochloride,CCC(C1=CC(=CC=C1)O)C(C)CN(C)C.Cl,0,0.4228559349686702
Tasosartan,CC1=C2CCC(=O)N(C2=NC(=N1)C)CC3=CC=C(C=C3)C4=CC=CC=C4C5=NNN=N5,1,0.5368830718775383
Tecovirimat,C1C2C1C3C=CC2C4C3C(=O)N(C4=O)NC(=O)C5=CC=C(C=C5)C(F)(F)F,0,0.537086218966005
Telmisartan,CCCC1=NC2=C(N1CC3=CC=C(C=C3)C4=CC=CC=C4C(=O)O)C=C(C=C2C)C5=NC6=CC=CC=C6N5C,1,0.5891689109391955
Temsirolimus,CC1CCC2CC(C(=CC=CC=CC(CC(C(=O)C(C(C(=CC(C(=O)CC(OC(=O)C3CCCCN3C(=O)C(=O)C1(O2)O)C(C)CC4CCC(C(C4)OC)OC(=O)C(C)(CO)CO)C)C)O)OC)C)C)C)OC,0,0.6120774342394221
Tenapanor hydrochloride,CN1CC(C2=C(C1)C(=CC(=C2)Cl)Cl)C3=CC(=CC=C3)S(=O)(=O)NCCOCCOCCNC(=O)NCCCCNC(=O)NCCOCCOCCNS(=O)(=O)C4=CC=CC(=C4)C5CN(CC6=C5C=C(C=C6Cl)Cl)C.Cl.Cl,0,0.45137001949333355
Teniposide,COC1=CC(=CC(=C1O)OC)C2C3C(COC3=O)C(C4=CC5=C(C=C24)OCO5)OC6C(C(C7C(O6)COC(O7)C8=CC=CS8)O)O,1,0.5942811248144809
Terazosin hydrochloride,COC1=C(C=C2C(=C1)C(=NC(=N2)N3CCN(CC3)C(=O)C4CCCO4)N)OC.O.O.Cl,0,0.6345013728516316
Terbinafine hydrochloride,CC(C)(C)C#CC=CCN(C)CC1=CC=CC2=CC=CC=C21.Cl,1,0.5225118239353932
Terbutaline sulfate,CC(C)(C)NCC(C1=CC(=CC(=C1)O)O)O.CC(C)(C)NCC(C1=CC(=CC(=C1)O)O)O.OS(=O)(=O)O,1,0.3781956565030139
Teriflunomide,CC(=C(C#N)C(=O)NC1=CC=C(C=C1)C(F)(F)F)O,1,0.542221982229352
Teriparatide acetate,CCC(C)C(C(=O)NC(CCC(=O)N)C(=O)NC(CC(C)C)C(=O)NC(CCSC)C(=O)NC(CC1=CNC=N1)C(=O)NC(CC(=O)N)C(=O)NC(CC(C)C)C(=O)NCC(=O)NC(CCCCN)C(=O)NC(CC2=CNC=N2)C(=O)NC(CC(C)C)C(=O)NC(CC(=O)N)C(=O)NC(CO)C(=O)NC(CCSC)C(=O)NC(CCC(=O)O)C(=O)NC(CCCNC(=N)N)C(=O)NC(C(C)C)C(=O)NC(CCC(=O)O)C(=O)NC(CC3=CNC4=CC=CC=C43)C(=O)NC(CC(C)C)C(=O)NC(CCCNC(=N)N)C(=O)NC(CCCCN)C(=O)NC(CCCCN)C(=O)NC(CC(C)C)C(=O)NC(CCC(=O)N)C(=O)NC(CC(=O)O)C(=O)NC(C(C)C)C(=O)NC(CC5=CNC=N5)C(=O)NC(CC(=O)N)C(=O)NC(CC6=CC=CC=C6)C(=O)O)NC(=O)C(CCC(=O)O)NC(=O)C(CO)NC(=O)C(C(C)C)NC(=O)C(CO)N.CC(=O)O.O,1,0.1713677662236579
Testosterone enanthate,CCCCCCC(=O)OC1CCC2C1(CCC3C2CCC4=CC(=O)CCC34C)C,1,0.4352612553634433
Thalidomide,C1CC(=O)NC(=O)C1N2C(=O)C3=CC=CC=C3C2=O,1,0.6112246801663225
Thiabendazole,C1=CC=C2C(=C1)NC(=N2)C3=CSC=N3,1,0.7152085882407835
Thiamine hydrochloride,CC1=C(SC=[N+]1CC2=CN=C(N=C2N)C)CCO.Cl.[Cl-],0,0.4733187971818607
Thioridazine hydrochloride,CN1CCCCC1CCN2C3=CC=CC=C3SC4=C2C=C(C=C4)SC.Cl,1,0.5791321097414648
Thyrotropin alfa,C1CC(N(C1)C(=O)C(CC2=CN=CN2)NC(=O)C3CCC(=O)N3)C(=O)N,0,0.43988577094540293
Ticagrelor,CCCSC1=NC(=C2C(=N1)N(N=N2)C3CC(C(C3O)O)OCCO)NC4CC4C5=CC(=C(C=C5)F)F,0,0.4759595553696258
Ticlopidine hydrochloride,C1CN(CC2=C1SC=C2)CC3=CC=CC=C3Cl.Cl,1,0.5598342703589889
Tigecycline,CC(C)(C)NCC(=O)NC1=CC(=C2CC3CC4C(C(=O)C(=C(C4(C(=O)C3=C(C2=C1O)O)O)O)C(=O)N)N(C)C)N(C)C,1,0.3686403823348021
Tipranavir,CCCC1(CC(=C(C(=O)O1)C(CC)C2=CC(=CC=C2)NS(=O)(=O)C3=NC=C(C=C3)C(F)(F)F)O)CCC4=CC=CC=C4,1,0.5947999997121614
Tirofiban hydrochloride,CCCCS(=O)(=O)NC(CC1=CC=C(C=C1)OCCCCC2CCNCC2)C(=O)O.Cl,0,0.46473529415372156
Tizanidine hydrochloride,C1CN=C(N1)NC2=C(C=CC3=NSN=C32)Cl.Cl,1,0.5815568092286683
Tolazamide,CC1=CC=C(C=C1)S(=O)(=O)NC(=O)NN2CCCCCC2,1,0.6865074019964532
Tolcapone,CC1=CC=C(C=C1)C(=O)C2=CC(=C(C(=C2)O)O)[N+](=O)[O-],1,0.673154546261022
Tolmetin sodium,CC1=CC=C(C=C1)C(=O)C2=CC=C(N2C)CC(=O)[O-].[Na+],1,0.6031579554298553
Tolrestat,CN(CC(=O)O)C(=S)C1=CC=CC2=C1C=CC(=C2C(F)(F)F)OC,1,0.46563470226862325
Tolterodine tartrate,CC1=CC(=C(C=C1)O)C(CCN(C(C)C)C(C)C)C2=CC=CC=C2.C(C(C(=O)O)O)(C(=O)O)O,1,0.4255839624172924
Tolvaptan,CC1=CC=CC=C1C(=O)NC2=CC(=C(C=C2)C(=O)N3CCCC(C4=C3C=CC(=C4)Cl)O)C,1,0.7565799638873727
Topiramate,CC1(OC2COC3(C(C2O1)OC(O3)(C)C)COS(=O)(=O)N)C,1,0.48014398119178564
Topotecan hydrochloride,CCC1(C2=C(COC1=O)C(=O)N3CC4=CC5=C(C=CC(=C5CN(C)C)O)N=C4C3=C2)O.Cl,0,0.448461168609852
Tramadol hydrochloride,CN(C)CC1CCCCC1(C2=CC(=CC=C2)OC)O.Cl,1,0.37496667005038176
Trandolapril,CCOC(=O)C(CCC1=CC=CC=C1)NC(C)C(=O)N2C3CCCCC3CC2C(=O)O,1,0.4973171721943848
Tranexamic acid,C1CC(CCC1CN)C(=O)O,0,0.419828063495129
Tranylcypromine sulfate,C1C(C1N)C2=CC=CC=C2.C1C(C1N)C2=CC=CC=C2.OS(=O)(=O)O,1,0.4895926864625614
Trazodone hydrochloride,C1CN(CCN1CCCN2C(=O)N3C=CC=CC3=N2)C4=CC(=CC=C4)Cl.Cl,1,0.5303463711907126
Tretinoin,CC1=C(C(CCC1)(C)C)C=CC(=CC=CC(=CC(=O)O)C)C,1,0.6845376988106944
Triamterene,C1=CC=C(C=C1)C2=NC3=C(N=C(N=C3N=C2N)N)N,1,0.5964053284172146
Trientine hydrochloride,C(CNCCNCCN)N.Cl.Cl,0,0.44926568717255994
Trifluoperazine hydrochloride,CN1CCN(CC1)CCCN2C3=CC=CC=C3SC4=C2C=C(C=C4)C(F)(F)F.Cl.Cl,1,0.6066948231542807
Trihexyphenidyl hydrochloride,C1CCC(CC1)C(CCN2CCCCC2)(C3=CC=CC=C3)O.Cl,0,0.40157306909219614
Trimethoprim,COC1=CC(=CC(=C1OC)OC)CC2=CN=C(N=C2N)N,1,0.48347849095347556
Triprolidine hydrochloride,CC1=CC=C(C=C1)C(=CCN2CCCC2)C3=CC=CC=N3.Cl,0,0.6274369254776034
Troglitazone,CC1=C(C2=C(CCC(O2)(C)COC3=CC=C(C=C3)CC4C(=O)NC(=O)S4)C(=C1O)C)C,1,0.6073246593187599
Trovafloxacin mesylate,CS(=O)(=O)O.C1C2C(C2N)CN1C3=C(C=C4C(=O)C(=CN(C4=N3)C5=C(C=C(C=C5)F)F)C(=O)O)F,1,0.6219172988830446
Tyramine,C1=CC(=CC=C1CCN)O,0,0.5394248071691179
Ubrogepant,CC1C(CC(C(=O)N1CC(F)(F)F)NC(=O)C2=CC3=C(CC4(C3)C5=C(NC4=O)N=CC=C5)N=C2)C6=CC=CC=C6,0,0.44129418493977
Ulipristal acetate,CC(=O)C1(CCC2C1(CC(C3=C4CCC(=O)C=C4CCC23)C5=CC=C(C=C5)N(C)C)C)OC(=O)C,1,0.5851804541376956
Urofollitropin,CCC(C)C1C(=O)NC(C(=O)NC(C(=O)NC(CSSCC(C(=O)NC(C(=O)N1)CC2=CC=C(C=C2)O)N)C(=O)N3CCCC3C(=O)NC(CC(C)C)C(=O)NCC(=O)N)CC(=O)N)C(C)O,0,0.3683402635697277
Urokinase,CC(C)OC(=O)NC1=CC2=C(C=C1)N=C(N2)C3=CSC=N3,0,0.7520099457066858
Valaciclovir,CC(C)C(C(=O)OCCOCN1C=NC2=C1N=C(NC2=O)N)N,1,0.5081354367738959
Valdecoxib,CC1=C(C(=NO1)C2=CC=CC=C2)C3=CC=C(C=C3)S(=O)(=O)N,1,0.7504566707989544
Valproic acid,CCCC(CCC)C(=O)O,1,0.36116211935517445
Valsartan,CCCCC(=O)N(CC1=CC=C(C=C1)C2=CC=CC=C2C3=NNN=N3)C(C(C)C)C(=O)O,1,0.42473820069883544
Varenicline tartrate,C1C2CNCC1C3=CC4=NC=CN=C4C=C23.C(C(C(=O)O)O)(C(=O)O)O,1,0.359490338713071
Vemurafenib,CCCS(=O)(=O)NC1=C(C(=C(C=C1)F)C(=O)C2=CNC3=C2C=C(C=N3)C4=CC=C(C=C4)Cl)F,1,0.7239230533854036
Venetoclax,CC1(CCC(=C(C1)C2=CC=C(C=C2)Cl)CN3CCN(CC3)C4=CC(=C(C=C4)C(=O)NS(=O)(=O)C5=CC(=C(C=C5)NCC6CCOCC6)[N+](=O)[O-])OC7=CN=C8C(=C7)C=CN8)C,1,0.7111185037173918
Venlafaxine hydrochloride,CN(C)CC(C1=CC=C(C=C1)OC)C2(CCCCC2)O.Cl,1,0.43829114824570026
Verapamil hydrochloride,CC(C)C(CCCN(C)CCC1=CC(=C(C=C1)OC)OC)(C#N)C2=CC(=C(C=C2)OC)OC.Cl,1,0.6160360194400266
Vericiguat,COC(=O)NC1=C(N=C(N=C1N)C2=NN(C3=C2C=C(C=N3)F)CC4=CC=CC=C4F)N,0,0.5737255392894336
Vibegron,C1CC(NC1CC2=CC=C(C=C2)NC(=O)C3CCC4=NC=CC(=O)N34)C(C5=CC=CC=C5)O,0,0.3930143773086252
Vilazodone hydrochloride,C1CN(CCN1CCCCC2=CNC3=C2C=C(C=C3)C#N)C4=CC5=C(C=C4)OC(=C5)C(=O)N.Cl,0,0.6197737992477337
Viloxazine hydrochloride,CCOC1=CC=CC=C1OCC2CNCCO2.Cl,0,0.5635976207978234
Vinblastine sulfate,CCC1(CC2CC(C3=C(CCN(C2)C1)C4=CC=CC=C4N3)(C5=C(C=C6C(=C5)C78CCN9C7C(C=CC9)(C(C(C8N6C)(C(=O)OC)O)OC(=O)C)CC)OC)C(=O)OC)O.OS(=O)(=O)O,1,0.40349934464320103
Vincristine sulfate,CCC1(CC2CC(C3=C(CCN(C2)C1)C4=CC=CC=C4N3)(C5=C(C=C6C(=C5)C78CCN9C7C(C=CC9)(C(C(C8N6C=O)(C(=O)OC)O)OC(=O)C)CC)OC)C(=O)OC)O.OS(=O)(=O)O,1,0.3846416591326287
Vitamin C,C(C(C1C(=C(C(=O)O1)O)O)O)O,0,0.35057008599978084
Vitamin E,CC1=C(C2=C(CCC(O2)(C)CCCC(C)CCCC(C)CCCC(C)C)C(=C1O)C)C,0,0.431587683710547
Voclosporin,CCC1C(=O)N(CC(=O)N(C(C(=O)NC(C(=O)N(C(C(=O)NC(C(=O)NC(C(=O)N(C(C(=O)N(C(C(=O)N(C(C(=O)N(C(C(=O)N1)C(C(C)CC=CC=C)O)C)C(C)C)C)CC(C)C)C)CC(C)C)C)C)C)CC(C)C)C)C(C)C)CC(C)C)C)C,0,0.6938669977993367
Vorapaxar sulfate,CCOC(=O)NC1CCC2C(C1)CC3C(C2C=CC4=NC=C(C=C4)C5=CC(=CC=C5)F)C(OC3=O)C.OS(=O)(=O)O,0,0.5593109841404623
Voriconazole,CC(C1=NC=NC=C1F)C(CN2C=NC=N2)(C3=C(C=C(C=C3)F)F)O,1,0.30508660200663135
Vorinostat,C1=CC=C(C=C1)NC(=O)CCCCCCC(=O)NO,0,0.5107287725672905
Vosoritide,CCC(C)C1C(=O)NCC(=O)NC(C(=O)NC(C(=O)NC(C(=O)NCC(=O)NC(C(=O)NCC(=O)NC(CSSCC(C(=O)NC(C(=O)NCC(=O)NC(C(=O)NC(C(=O)NC(C(=O)NC(C(=O)NC(C(=O)N1)CCCNC(=N)N)CC(=O)O)CC(C)C)CCCCN)CC(C)C)CC2=CC=CC=C2)NC(=O)CNC(=O)C(CCCCN)NC(=O)C(CO)NC(=O)C(CC(C)C)NC(=O)CNC(=O)C(CCCCN)NC(=O)C(CCCCN)NC(=O)C(CC(=O)N)NC(=O)C(C)NC(=O)CNC(=O)C(CCCCN)NC(=O)C(CC3=CC=C(C=C3)O)NC(=O)C(CCCCN)NC(=O)C(CCCNC(=N)N)NC(=O)C(C)NC(=O)C(CC(=O)N)NC(=O)C4CCCN4C(=O)C(CC5=CN=CN5)NC(=O)C(CCC(=O)O)NC(=O)C(CCC(=O)N)NC(=O)CNC(=O)C6CCCN6)C(=O)O)CC(C)C)CO)CCSC)CO,0,0.11323384072141543
Voxelotor,CC(C)N1C(=CC=N1)C2=C(C=CC=N2)COC3=CC=CC(=C3C=O)O,0,0.4038797344885721
Warfarin sodium,CC(=O)CC(C1=CC=CC=C1)C2=C(C3=CC=CC=C3OC2=O)[O-].[Na+],1,0.7108070901684946
Ximelagatran,CCOC(=O)CNC(C1CCCCC1)C(=O)N2CCC2C(=O)NCC3=CC=C(C=C3)C(=NO)N,1,0.6315537230424922
Zafirlukast,CC1=CC=CC=C1S(=O)(=O)NC(=O)C2=CC(=C(C=C2)CC3=CN(C4=C3C=C(C=C4)NC(=O)OC5CCCC5)C)OC,1,0.5060719990029462
Zaleplon,CCN(C1=CC=CC(=C1)C2=CC=NC3=C(C=NN23)C#N)C(=O)C,0,0.465431730236454
Zanubrutinib,C=CC(=O)N1CCC(CC1)C2CCNC3=C(C(=NN23)C4=CC=C(C=C4)OC5=CC=CC=C5)C(=O)N,1,0.6156602427862069
Zidovudine,CC1=CN(C(=O)NC1=O)C2CC(C(O2)CO)N=[N+]=[N-],1,0.47487349563304454
Zileuton,CC(C1=CC2=CC=CC=C2S1)N(C(=O)N)O,1,0.7120878004690799
Zimelidine,CN(C)CC=C(C1=CC=C(C=C1)Br)C2=CN=CC=C2,1,0.43968473202215635
Ziprasidone hydrochloride,C1CN(CCN1CCC2=C(C=C3C(=C2)CC(=O)N3)Cl)C4=NSC5=CC=CC=C54.Cl,1,0.5923352237131464
Zoledronic acid,C1=CN(C=N1)CC(O)(P(=O)(O)O)P(=O)(O)O,1,0.38456566679607207
Zonisamide,C1=CC=C2C(=C1)C(=NO2)CS(=O)(=O)N,1,0.6686454860167662
